-- 创建文化行业企业代码

CREATE TABLE IF NOT EXISTS general_codes (
    indv_nm VARCHAR(10),
);

INSERT INTO general_codes VALUES
('0141'), ('0143'), ('0149'), ('0151'), ('0152'), ('0153'), ('0154'), ('0159'),
('0412'), ('1784'), ('1922'), ('2221'), ('2222'), ('2311'), ('2312'), ('2319'),
('2320'), ('2330'), ('2411'), ('2412'), ('2414'), ('2421'), ('2422'), ('2423'),
('2429'), ('2431'), ('2432'), ('2433'), ('2434'), ('2435'), ('2436'), ('2437'),
('2438'), ('2439'), ('2441'), ('2442'), ('2449'), ('2451'), ('2452'), ('2453'),
('2454'), ('2455'), ('2456'), ('2459'), ('2461'), ('2462'), ('2469'), ('2642'),
('2644'), ('2664'), ('2672'), ('3075'), ('3076'), ('3471'), ('3472'), ('3473'),
('3474'), ('3542'), ('3733'), ('3780'), ('3873'), ('3931'), ('3932'), ('3933'),
('3934'), ('3939'), ('3951'), ('3952'), ('3953'), ('3961'), ('3963'), ('3969'),
('5137'), ('5141'), ('5143'), ('5144'), ('5145'), ('5146'), ('5147'), ('5149'),
('5175'), ('5178'), ('5181'), ('5183'), ('5184'), ('5211'), ('5212'), ('5213'),
('5219'), ('5221'), ('5222'), ('5223'), ('5224'), ('5225'), ('5226'), ('5227'),
('5229'), ('5231'), ('5232'), ('5233'), ('5234'), ('5235'), ('5236'), ('5237'),
('5238'), ('5239'), ('5241'), ('5242'), ('5243'), ('5244'), ('5245'), ('5246'),
('5247'), ('5248'), ('5249'), ('5261'), ('5262'), ('5263'), ('5264'), ('5265'),
('5266'), ('5267'), ('5271'), ('5311'), ('5312'), ('5313'), ('5331'), ('5333'),
('5339'), ('5411'), ('5412'), ('5413'), ('5414'), ('5419'), ('5421'), ('5422'),
('5429'), ('5441'), ('5442'), ('5443'), ('5449'), ('5511'), ('5512'), ('5513'),
('5531'), ('5539'), ('5611'), ('5622'), ('5631'), ('5632'), ('5639'), ('5822'),
('5910'), ('6110'), ('6121'), ('6129'), ('6130'), ('6140'), ('6190'), ('6210'),
('6220'), ('6231'), ('6232'), ('6233'), ('6239'), ('6241'), ('6291'), ('6319'),
('6321'), ('6322'), ('6331'), ('6421'), ('6422'), ('6429'), ('6432'), ('6434'),
('6439'), ('6440'), ('6450'), ('6513'), ('6572'), ('6579'), ('6621'), ('6623'),
('6624'), ('6629'), ('6634'), ('6635'), ('6636'), ('6637'), ('6639'), ('6813'),
('6814'), ('6820'), ('6999'), ('7111'), ('7115'), ('7119'), ('7121'), ('7122'),
('7123'), ('7124'), ('7125'), ('7129'), ('7130'), ('7211'), ('7212'), ('7215'),
('7219'), ('7221'), ('7222'), ('7223'), ('7224'), ('7229'), ('7251'), ('7259'),
('7271'), ('7272'), ('7281'), ('7282'), ('7283'), ('7284'), ('7289'), ('7291'),
('7294'), ('7297'), ('7298'), ('7299'), ('7350'), ('7484'), ('7491'), ('7492'),
('7520'), ('7711'), ('7712'), ('7713'), ('7714'), ('7715'), ('7716'), ('7719'),
('7850'), ('7861'), ('7862'), ('7869'), ('8051'), ('8052'), ('8053'), ('8060'),
('8070'), ('8336'), ('8341'), ('8342'), ('8391'), ('8393'), ('8399'), ('8412'),
('8413'), ('8414'), ('8415'), ('8416'), ('8511'), ('8512'), ('8610'), ('8621'),
('8622'), ('8623'), ('8624'), ('8625'), ('8626'), ('8629'), ('8710'), ('8720'),
('8730'), ('8740'), ('8750'), ('8760'), ('8770'), ('8810'), ('8820'), ('8831'),
('8832'), ('8840'), ('8850'), ('8860'), ('8870'), ('8890'), ('8921'), ('8929'),
('8930'), ('9011'), ('9012'), ('9013'), ('9019'), ('9020'), ('9030'), ('9051'),
('9053'), ('9059'), ('9090'), ('9221'), ('9222'), ('9521'), ('9522'), ('9542');

CREATE TABLE IF NOT EXISTS wenhua_codes (
    indv_nm VARCHAR(10),
);

INSERT INTO wenhua_codes VALUES
('2221'), ('2222'), ('2311'), ('2312'), ('2319'), ('2320'), ('2330'), ('2411'), ('2412'), ('2414'),
('2421'), ('2422'), ('2423'), ('2429'), ('2431'), ('2432'), ('2433'), ('2434'), ('2435'), ('2436'),
('2437'), ('2438'), ('2439'), ('2451'), ('2452'), ('2453'), ('2454'), ('2455'), ('2456'), ('2459'),
('2461'), ('2462'), ('2469'), ('2642'), ('2644'), ('2664'), ('2672'), ('3075'), ('3076'), ('3471'),
('3472'), ('3474'), ('3542'), ('3873'), ('3931'), ('3932'), ('3933'), ('3934'), ('3939'), ('3951'),
('3952'), ('3953'), ('3961'), ('3963'), ('3969'), ('5137'), ('5141'), ('5143'), ('5144'), ('5145'),
('5146'), ('5147'), ('5149'), ('5175'), ('5178'), ('5181'), ('5183'), ('5184'), ('5241'), ('5243'),
('5244'), ('5245'), ('5246'), ('5247'), ('5248'), ('5249'), ('5271'), ('6319'), ('6321'), ('6322'),
('6331'), ('6421'), ('6422'), ('6429'), ('6513'), ('6572'), ('6579'), ('7124'), ('7125'), ('7211'),
('7212'), ('7221'), ('7251'), ('7259'), ('7281'), ('7282'), ('7283'), ('7284'), ('7289'), ('7350'),
('7484'), ('7491'), ('7492'), ('7520'), ('7861'), ('7862'), ('7869'), ('8070'), ('8393'), ('8399'),
('8610'), ('8621'), ('8622'), ('8623'), ('8624'), ('8625'), ('8626'), ('8629'), ('8710'), ('8720'),
('8730'), ('8740'), ('8750'), ('8760'), ('8770'), ('8831'), ('8832'), ('8870'), ('8890'), ('9013'),
('9051'), ('9053'), ('9059'), ('9521');

-- 创建 lvyou_industry_codes 表
CREATE TABLE IF NOT EXISTS lvyou_codes (
    indv_nm VARCHAR(10),
);

INSERT INTO lvyou_codes VALUES
('0141'), ('0143'), ('0149'), ('0151'), ('0152'), ('0153'), ('0154'), ('0159'), ('0412'), ('1784'),
('1922'), ('2441'), ('2442'), ('2449'), ('2461'), ('2462'), ('2469'), ('3733'), ('3780'), ('5211'),
('5212'), ('5213'), ('5219'), ('5221'), ('5222'), ('5223'), ('5224'), ('5225'), ('5226'), ('5227'),
('5229'), ('5231'), ('5232'), ('5233'), ('5234'), ('5235'), ('5236'), ('5237'), ('5238'), ('5239'),
('5242'), ('5261'), ('5262'), ('5263'), ('5264'), ('5265'), ('5266'), ('5267'), ('5311'), ('5312'),
('5313'), ('5331'), ('5333'), ('5339'), ('5411'), ('5412'), ('5413'), ('5414'), ('5419'), ('5421'),
('5422'), ('5429'), ('5441'), ('5442'), ('5443'), ('5449'), ('5511'), ('5512'), ('5513'), ('5531'),
('5539'), ('5611'), ('5631'), ('5632'), ('5639'), ('5822'), ('5910'), ('6110'), ('6121'), ('6129'),
('6130'), ('6140'), ('6190'), ('6210'), ('6220'), ('6231'), ('6232'), ('6233'), ('6239'), ('6241'),
('6291'), ('6432'), ('6434'), ('6439'), ('6440'), ('6450'), ('6621'), ('6623'), ('6624'), ('6629'),
('6634'), ('6635'), ('6636'), ('6637'), ('6639'), ('6813'), ('6814'), ('6820'), ('6999'), ('7111'),
('7115'), ('7119'), ('7122'), ('7129'), ('7130'), ('7215'), ('7219'), ('7222'), ('7223'), ('7224'),
('7229'), ('7271'), ('7272'), ('7291'), ('7294'), ('7297'), ('7299'), ('7861'), ('7862'), ('7869'),
('8051'), ('8052'), ('8053'), ('8336'), ('8341'), ('8342'), ('8391'), ('8412'), ('8413'), ('8414'),
('8415'), ('8416'), ('8511'), ('8512'), ('8921'), ('8929'), ('8930'), ('8930'), ('9221'), ('9222'),
('9522'), ('9542');

-- 创建 wenhua_lvyou_industry_codes 表
CREATE TABLE IF NOT EXISTS wenlv_codes (
    indv_nm VARCHAR(10),
);

INSERT INTO wenlv_codes VALUES
('3473'), ('5622'), ('6432'), ('7121'), ('7123'), ('7298'), ('7711'), ('7712'), ('7713'), ('7714'),
('7715'), ('7716'), ('7719'), ('7850'), ('8060'), ('8810'), ('8820'), ('8840'), ('8850'), ('8860'),
('9011'), ('9012'), ('9019'), ('9020'), ('9030'), ('9090');

-- 创建 multi_industry_codes 表
-- 创建表存储行业代码数据
CREATE TABLE IF NOT EXISTS multi_codes (
    industry VARCHAR(10),
    daleidaima VARCHAR(10),
    zhongleidaima VARCHAR(10),
    indv_nm VARCHAR(10),
    wh_menleidaima VARCHAR(10),
    wh_xiaoleidaima VARCHAR(10),
    is_core VARCHAR(10),
    is_all_wh VARCHAR(10),
    is_new_wh VARCHAR(10),
    ly_xiaoleidaima VARCHAR(10),
    is_all_ly VARCHAR(10),
    TYPE VARCHAR(20),
    xinyetai VARCHAR(10),
    shengbiao VARCHAR(10)
);

-- 插入行业代码数据
INSERT INTO multi_codes VALUES
('A', '01', '014', '0141', '', '', '', '', '', '', '', 'tourism', '0', '0'),
('A', '01', '014', '0143', '', '', '', '', '', '', '', 'tourism', '0', '0'),
('A', '01', '014', '0149', '', '', '', '', '', '', '', 'tourism', '0', '0'),
('A', '01', '015', '0151', '', '', '', '', '', '', '', 'tourism', '0', '0'),
('A', '01', '015', '0152', '', '', '', '', '', '', '', 'tourism', '0', '0'),
('A', '01', '015', '0153', '', '', '', '', '', '', '', 'tourism', '0', '0'),
('A', '01', '015', '0154', '', '', '', '', '', '', '', 'tourism', '0', '0'),
('A', '01', '015', '0159', '', '', '', '', '', '', '', 'tourism', '0', '0'),
('A', '04', '041', '0412', '', '', '', '', '', '', '', 'tourism', '0', '0'),
('C', '17', '178', '1784', '', '', '', '', '', '', '', 'tourism', '0', '1'),
('C', '19', '192', '1922', '', '', '', '', '', '', '', 'tourism', '0', '1'),
('C', '22', '222', '2221', 'B', '0711', '0', '0', '0', '', '', 'culture', '0', '1'),
('C', '22', '222', '2222', 'B', '0712', '0', '1', '0', '', '', 'culture', '0', '1'),
('C', '23', '231', '2311', 'B', '0721', '0', '1', '0', '', '', 'culture', '0', '1'),
('C', '23', '231', '2312', 'B', '0722', '0', '1', '0', '', '', 'culture', '0', '1'),
('C', '23', '231', '2319', 'B', '0723', '0', '1', '0', '', '', 'culture', '0', '1'),
('C', '23', '232', '2320', 'B', '0724', '0', '1', '0', '', '', 'culture', '0', '1'),
('C', '23', '233', '2330', 'B', '0725', '0', '1', '0', '', '', 'culture', '0', '1'),
('C', '24', '241', '2411', 'B', '0911', '0', '1', '0', '', '', 'culture', '0', '1'),
('C', '24', '241', '2412', 'B', '0921', '0', '1', '0', '', '', 'culture', '0', '1'),
('C', '24', '241', '2414', 'B', '0922', '0', '1', '0', '', '', 'culture', '0', '1'),
('C', '24', '242', '2421', 'B', '0861', '0', '1', '0', '', '', 'culture', '0', '1'),
('C', '24', '242', '2422', 'B', '0862', '0', '1', '0', '', '', 'culture', '0', '1'),
('C', '24', '242', '2423', 'B', '0863', '0', '1', '0', '', '', 'culture', '0', '1'),
('C', '24', '242', '2429', 'B', '0864', '0', '1', '0', '', '', 'culture', '0', '1'),
('C', '24', '243', '2431', 'A', '0261', '1', '1', '0', '', '', 'culture', '0', '1'),
('C', '24', '243', '2432', 'A', '0262', '1', '1', '0', '', '', 'culture', '0', '1'),
('C', '24', '243', '2433', 'A', '0263', '1', '1', '0', '', '', 'culture', '0', '1'),
('C', '24', '243', '2434', 'A', '0264', '1', '1', '0', '', '', 'culture', '0', '1'),
('C', '24', '243', '2435', 'A', '0265', '1', '1', '0', '', '', 'culture', '0', '1'),
('C', '24', '243', '2436', 'A', '0266', '1', '1', '0', '', '', 'culture', '0', '1'),
('C', '24', '243', '2437', 'A', '0267', '1', '1', '0', '', '', 'culture', '0', '1'),
('C', '24', '243', '2438', 'A', '0268', '1', '1', '0', '', '', 'culture', '0', '1'),
('C', '24', '243', '2439', 'A', '0269', '1', '1', '0', '', '', 'culture', '0', '1'),
('C', '24', '244', '2441', '', '', '', '', '', '', '', 'tourism', '0', '1'),
('C', '24', '244', '2442', '', '', '', '', '', '', '', 'tourism', '0', '1'),
('C', '24', '244', '2449', '', '', '', '', '', '', '', 'tourism', '0', '1'),
('C', '24', '245', '2451', 'B', '0930', '0', '1', '0', '', '', 'culture', '0', '1'),
('C', '24', '245', '2452', 'B', '0930', '0', '1', '0', '', '', 'culture', '0', '1'),
('C', '24', '245', '2453', 'B', '0930', '0', '1', '0', '', '', 'culture', '0', '1'),
('C', '24', '245', '2454', 'B', '0930', '0', '1', '0', '', '', 'culture', '0', '1'),
('C', '24', '245', '2455', 'B', '0930', '0', '1', '0', '', '', 'culture', '0', '1'),
('C', '24', '245', '2456', 'B', '0930', '0', '1', '0', '', '', 'culture', '0', '1'),
('C', '24', '245', '2459', 'B', '0930', '0', '1', '0', '', '', 'culture', '0', '1'),
('C', '24', '246', '2461', 'B', '0851', '0', '1', '0', '', '', 'culture', '0', '1'),
('C', '24', '246', '2461', 'B', '0851', '0', '1', '0', '', '', 'tourism', '0', '1'),
('C', '24', '246', '2462', 'B', '0852', '0', '1', '0', '', '', 'culture', '0', '1'),
('C', '24', '246', '2462', 'B', '0852', '0', '1', '0', '', '', 'tourism', '0', '1'),
('C', '24', '246', '2469', 'B', '0853', '0', '1', '0', '', '', 'culture', '0', '1'),
('C', '24', '246', '2469', 'B', '0853', '0', '1', '0', '', '', 'tourism', '0', '1'),
('C', '26', '264', '2642', 'B', '0713', '0', '1', '0', '', '', 'culture', '0', '1'),
('C', '26', '264', '2644', 'B', '0714', '0', '1', '0', '', '', 'culture', '0', '1'),
('C', '26', '266', '2664', 'B', '0715', '0', '1', '0', '', '', 'culture', '0', '1'),
('C', '26', '267', '2672', 'B', '0940', '0', '1', '0', '', '', 'culture', '0', '1'),
('C', '30', '307', '3075', 'A', '0271', '1', '1', '0', '', '', 'culture', '0', '1'),
('C', '30', '307', '3076', 'A', '0272', '1', '1', '0', '', '', 'culture', '0', '1'),
('C', '34', '347', '3471', 'B', '0827', '0', '1', '0', '', '', 'culture', '0', '1'),
('C', '34', '347', '3472', 'B', '0833', '0', '1', '0', '', '', 'culture', '0', '1'),
('C', '34', '347', '3473', 'B', '0834', '0', '1', '0', '', '', 'culture_tourism', '0', '1'),
('C', '34', '347', '3474', 'B', '0812', '0', '1', '0', '', '', 'culture', '0', '1'),
('C', '35', '354', '3542', 'B', '0811', '0', '1', '0', '', '', 'culture', '0', '1'),
('C', '37', '373', '3733', '', '', '', '', '', '', '', 'tourism', '0', '1'),
('C', '37', '378', '3780', '', '', '', '', '', '', '', 'tourism', '0', '1'),
('C', '38', '387', '3873', 'B', '0841', '0', '1', '0', '', '', 'culture', '0', '1'),
('C', '39', '393', '3931', 'B', '0821', '0', '1', '0', '', '', 'culture', '0', '1'),
('C', '39', '393', '3932', 'B', '0822', '0', '1', '0', '', '', 'culture', '0', '1'),
('C', '39', '393', '3933', 'B', '0823', '0', '1', '0', '', '', 'culture', '0', '1'),
('C', '39', '393', '3934', 'B', '0824', '0', '1', '0', '', '', 'culture', '0', '1'),
('C', '39', '393', '3939', 'B', '0825', '0', '1', '0', '', '', 'culture', '0', '1'),
('C', '39', '395', '3951', 'B', '0951', '0', '1', '0', '', '', 'culture', '0', '1'),
('C', '39', '395', '3952', 'B', '0952', '0', '1', '0', '', '', 'culture', '0', '1'),
('C', '39', '395', '3953', 'B', '0831', '0', '1', '0', '', '', 'culture', '0', '1'),
('C', '39', '396', '3961', 'B', '0953', '0', '0', '1', '', '', 'culture', '1', '1'),
('C', '39', '396', '3963', 'B', '0832', '0', '0', '1', '', '', 'culture', '1', '1'),
('C', '39', '396', '3969', 'B', '0954', '0', '0', '1', '', '', 'culture', '1', '1'),
('F', '51', '513', '5137', 'B', '0955', '0', '1', '0', '', '', 'culture', '0', '1'),
('F', '51', '514', '5141', 'B', '0912', '0', '1', '0', '', '', 'culture', '0', '1'),
('F', '51', '514', '5143', 'A', '0411', '1', '1', '0', '', '', 'culture', '0', '1'),
('F', '51', '514', '5144', 'A', '0412', '1', '1', '0', '', '', 'culture', '0', '1'),
('F', '51', '514', '5145', 'A', '0413', '1', '1', '0', '', '', 'culture', '0', '1'),
('F', '51', '514', '5146', 'A', '0471', '1', '1', '0', '', '', 'culture', '0', '1'),
('F', '51', '514', '5147', 'B', '0865', '0', '1', '0', '', '', 'culture', '0', '1'),
('F', '51', '514', '5149', 'B', '0957', '0', '1', '0', '', '', 'culture', '0', '1'),
('F', '51', '517', '5175', 'B', '0842', '0', '0', '0', '', '', 'culture', '0', '1'),
('F', '51', '517', '5178', 'B', '0826', '0', '1', '0', '', '', 'culture', '0', '1'),
('F', '51', '518', '5181', 'B', '0755', '0', '0', '0', '', '', 'culture', '0', '1'),
('F', '51', '518', '5183', 'A', '0461', '1', '1', '0', '', '', 'culture', '0', '1'),
('F', '51', '518', '5184', 'A', '0462', '1', '1', '0', '', '', 'culture', '0', '1'),
('F', '52', '521', '5211', '', '', '', '', '', '', '', 'tourism', '0', '0'),
('F', '52', '521', '5212', '', '', '', '', '', '', '', 'tourism', '0', '0'),
('F', '52', '521', '5213', '', '', '', '', '', '', '', 'tourism', '0', '0'),
('F', '52', '521', '5219', '', '', '', '', '', '', '', 'tourism', '0', '0'),
('F', '52', '522', '5221', '', '', '', '', '', '', '', 'tourism', '0', '0'),
('F', '52', '522', '5222', '', '', '', '', '', '', '', 'tourism', '0', '0'),
('F', '52', '522', '5223', '', '', '', '', '', '', '', 'tourism', '0', '0'),
('F', '52', '522', '5224', '', '', '', '', '', '', '', 'tourism', '0', '0'),
('F', '52', '522', '5225', '', '', '', '', '', '', '', 'tourism', '0', '0'),
('F', '52', '522', '5226', '', '', '', '', '', '', '', 'tourism', '0', '0'),
('F', '52', '522', '5227', '', '', '', '', '', '', '', 'tourism', '0', '0'),
('F', '52', '522', '5229', '', '', '', '', '', '', '', 'tourism', '0', '0'),
('F', '52', '523', '5231', '', '', '', '', '', '', '', 'tourism', '0', '0'),
('F', '52', '523', '5232', '', '', '', '', '', '', '', 'tourism', '0', '0'),
('F', '52', '523', '5233', '', '', '', '', '', '', '', 'tourism', '0', '0'),
('F', '52', '523', '5234', '', '', '', '', '', '', '', 'tourism', '0', '0'),
('F', '52', '523', '5235', '', '', '', '', '', '', '', 'tourism', '0', '0'),
('F', '52', '523', '5236', '', '', '', '', '', '', '', 'tourism', '0', '0'),
('F', '52', '523', '5237', '', '', '', '', '', '', '', 'tourism', '0', '0'),
('F', '52', '523', '5238', '', '', '', '', '', '', '', 'tourism', '0', '0'),
('F', '52', '523', '5239', '', '', '', '', '', '', '', 'tourism', '0', '0'),
('F', '52', '524', '5241', 'B', '0913', '0', '1', '0', '1520', '0', 'culture', '0', '1'),
('F', '52', '524', '5242', '', '', '', '', '', '1520', '0', 'tourism', '0', '0'),
('F', '52', '524', '5243', 'A', '0414', '1', '1', '0', '1520', '0', 'culture', '0', '1'),
('F', '52', '524', '5244', 'A', '0415', '1', '1', '0', '1520', '0', 'culture', '0', '1'),
('F', '52', '524', '5245', 'A', '0472', '1', '1', '0', '1520', '0', 'culture', '0', '1'),
('F', '52', '524', '5246', 'A', '0473', '1', '1', '0', '1520', '0', 'culture', '0', '1'),
('F', '52', '524', '5247', 'B', '0866', '0', '1', '0', '1520', '0', 'culture', '0', '1'),
('F', '52', '524', '5248', 'B', '0835', '0', '1', '0', '1520', '0', 'culture', '0', '1'),
('F', '52', '524', '5249', 'B', '0958', '0', '1', '0', '1520', '0', 'culture', '0', '1'),
('F', '52', '526', '5261', '', '', '', '', '', '1510', '0', 'tourism', '0', '0'),
('F', '52', '526', '5262', '', '', '', '', '', '1510', '0', 'tourism', '0', '0'),
('F', '52', '526', '5263', '', '', '', '', '', '1510', '0', 'tourism', '0', '1'),
('F', '52', '526', '5264', '', '', '', '', '', '1510', '0', 'tourism', '0', '0'),
('F', '52', '526', '5265', '', '', '', '', '', '1510', '0', 'tourism', '0', '1'),
('F', '52', '526', '5266', '', '', '', '', '', '1510', '0', 'tourism', '0', '1'),
('F', '52', '526', '5267', '', '', '', '', '', '1510', '0', 'tourism', '0', '1'),
('F', '52', '527', '5271', 'B', '0956', '0', '1', '0', '', '', 'culture', '0', '1'),
('G', '53', '531', '5311', '', '', '', '', '', '1111', '1', 'tourism', '0', '1'),
('G', '53', '531', '5312', '', '', '', '', '', '1111', '1', 'tourism', '0', '1'),
('G', '53', '531', '5313', '', '', '', '', '', '1111', '1', 'tourism', '0', '1'),
('G', '53', '533', '5331', '', '', '', '', '', '1112', '1', 'tourism', '0', '1'),
('G', '53', '533', '5333', '', '', '', '', '', '2111', '0', 'tourism', '0', '1'),
('G', '53', '533', '5339', '', '', '', '', '', '2111', '0', 'tourism', '0', '1'),
('G', '54', '541', '5411', '', '', '', '', '', '1121', '0', 'tourism', '0', '1'),
('G', '54', '541', '5412', '', '', '', '', '', '1121', '0', 'tourism', '0', '1'),
('G', '54', '541', '5413', '', '', '', '', '', '1121', '0', 'tourism', '0', '1'),
('G', '54', '541', '5414', '', '', '', '', '', '1121', '0', 'tourism', '0', '1'),
('G', '54', '541', '5419', '', '', '', '', '', '1121', '0', 'tourism', '0', '1'),
('G', '54', '542', '5421', '', '', '', '', '', '1122', '1', 'tourism', '0', '1'),
('G', '54', '542', '5422', '', '', '', '', '', '1122', '1', 'tourism', '0', '1'),
('G', '54', '542', '5429', '', '', '', '', '', '1122', '1', 'tourism', '0', '1'),
('G', '54', '544', '5441', '', '', '', '', '', '2112', '0', 'tourism', '0', '1'),
('G', '54', '544', '5442', '', '', '', '', '', '2112', '0', 'tourism', '0', '1'),
('G', '54', '544', '5443', '', '', '', '', '', '2112', '0', 'tourism', '0', '1'),
('G', '54', '544', '5449', '', '', '', '', '', '2112', '0', 'tourism', '0', '1'),
('G', '55', '551', '5511', '', '', '', '', '', '1131', '1', 'tourism', '0', '1'),
('G', '55', '551', '5512', '', '', '', '', '', '1131', '1', 'tourism', '0', '1'),
('G', '55', '551', '5513', '', '', '', '', '', '1131', '1', 'tourism', '0', '1'),
('G', '55', '553', '5531', '', '', '', '', '', '1132', '1', 'tourism', '0', '1'),
('G', '55', '553', '5539', '', '', '', '', '', '2113', '0', 'tourism', '0', '1'),
('G', '56', '561', '5611', '', '', '', '', '', '1141', '1', 'tourism', '0', '1'),
('G', '56', '562', '5622', 'A', '0632', '1', '1', '0', '1142', '1', 'culture_tourism', '1', '1'),
('G', '56', '563', '5631', '', '', '', '', '', '1143', '1', 'tourism', '0', '1'),
('G', '56', '563', '5632', '', '', '', '', '', '1144', '1', 'tourism', '0', '1'),
('G', '56', '563', '5639', '', '', '', '', '', '2114', '0', 'tourism', '0', '1'),
('G', '58', '582', '5822', '', '', '', '', '', '1151', '1', 'tourism', '0', '1'),
('G', '59', '591', '5910', '', '', '', '', '', '2115', '0', 'tourism', '0', '0'),
('H', '61', '611', '6110', '', '', '', '', '', '1211', '1', 'tourism', '0', '1'),
('H', '61', '612', '6121', '', '', '', '', '', '1212', '1', 'tourism', '0', '1'),
('H', '61', '612', '6129', '', '', '', '', '', '1212', '1', 'tourism', '0', '1'),
('H', '61', '613', '6130', '', '', '', '', '', '1213', '0', 'tourism', '0', '1'),
('H', '61', '614', '6140', '', '', '', '', '', '1213', '0', 'tourism', '1', '1'),
('H', '61', '619', '6190', '', '', '', '', '', '1213', '0', 'tourism', '0', '1'),
('H', '62', '621', '6210', '', '', '', '', '', '1310', '0', 'tourism', '0', '1'),
('H', '62', '622', '6220', '', '', '', '', '', '1320', '0', 'tourism', '0', '1'),
('H', '62', '623', '6231', '', '', '', '', '', '1330', '0', 'tourism', '0', '1'),
('H', '62', '623', '6232', '', '', '', '', '', '1330', '0', 'tourism', '0', '1'),
('H', '62', '623', '6233', '', '', '', '', '', '1330', '0', 'tourism', '0', '1'),
('H', '62', '623', '6239', '', '', '', '', '', '1330', '0', 'tourism', '0', '1'),
('H', '62', '624', '6241', '', '', '', '', '', '1350', '0', 'tourism', '0', '1'),
('H', '62', '629', '6291', '', '', '', '', '', '1340', '0', 'tourism', '0', '1'),
('I', '63', '631', '6319', 'A', '0244', '1', '0', '1', '', '', 'culture', '1', '1'),
('I', '63', '632', '6321', 'A', '0421', '1', '1', '0', '', '', 'culture', '0', '1'),
('I', '63', '632', '6322', 'A', '0422', '1', '1', '0', '', '', 'culture', '0', '1'),
('I', '63', '633', '6331', 'A', '0423', '1', '1', '0', '', '', 'culture', '0', '1'),
('I', '64', '642', '6421', 'A', '0141', '1', '1', '1', '', '', 'culture', '1', '1'),
('I', '64', '642', '6422', 'A', '0242', '1', '1', '1', '', '', 'culture', '1', '1'),
('I', '64', '642', '6429', 'A', '0142', '1', '1', '1', '', '', 'culture', '1', '1'),
('I', '64', '643', '6432', 'A', '0450', '1', '0', '1', '1722', '0', 'culture_tourism', '1', '1'),
('I', '64', '643', '6432', 'A', '0450', '1', '0', '1', '1722', '0', 'tourism', '0', '1'),
('I', '64', '643', '6434', '', '', '', '', '', '1722', '0', 'tourism', '0', '0'),
('I', '64', '643', '6439', '', '', '', '', '', '1722', '0', 'tourism', '0', '0'),
('I', '64', '644', '6440', '', '', '', '', '', '1722', '0', 'tourism', '0', '0'),
('I', '64', '645', '6450', '', '', '', '', '', '1722', '0', 'tourism', '0', '0'),
('I', '65', '651', '6513', 'A', '0243', '1', '0', '1', '', '', 'culture', '1', '1'),
('I', '65', '657', '6572', 'A', '0241', '1', '1', '1', '', '', 'culture', '1', '1'),
('I', '65', '657', '6579', 'A', '0245', '1', '0', '1', '', '', 'culture', '1', '1'),
('J', '66', '662', '6621', '', '', '', '', '', '2121', '0', 'tourism', '0', '0'),
('J', '66', '662', '6623', '', '', '', '', '', '2121', '0', 'tourism', '0', '0'),
('J', '66', '662', '6624', '', '', '', '', '', '2121', '0', 'tourism', '0', '0'),
('J', '66', '662', '6629', '', '', '', '', '', '2121', '0', 'tourism', '0', '0'),
('J', '66', '663', '6634', '', '', '', '', '', '2121', '0', 'tourism', '0', '0'),
('J', '66', '663', '6635', '', '', '', '', '', '2121', '0', 'tourism', '0', '0'),
('J', '66', '663', '6636', '', '', '', '', '', '2121', '0', 'tourism', '0', '0'),
('J', '66', '663', '6637', '', '', '', '', '', '2121', '0', 'tourism', '0', '0'),
('J', '66', '663', '6639', '', '', '', '', '', '2121', '0', 'tourism', '0', '0'),
('J', '68', '681', '6813', '', '', '', '', '', '2122', '0', 'tourism', '0', '0'),
('J', '68', '681', '6814', '', '', '', '', '', '2122', '0', 'tourism', '0', '0'),
('J', '68', '682', '6820', '', '', '', '', '', '2123', '0', 'tourism', '0', '0'),
('J', '69', '699', '6999', '', '', '', '', '', '2124', '0', 'tourism', '0', '0'),
('L', '71', '711', '7111', '', '', '', '', '', '1152', '0', 'tourism', '0', '1'),
('L', '71', '711', '7115', '', '', '', '', '', '1152', '0', 'tourism', '0', '0'),
('L', '71', '711', '7119', '', '', '', '', '', '1152', '0', 'tourism', '0', '0'),
('L', '71', '712', '7121', 'B', '0761', '0', '1', '0', '2143', '0', 'culture_tourism', '1', '1'),
('L', '71', '712', '7122', '', '', '', '', '', '2143', '0', 'tourism', '0', '0'),
('L', '71', '712', '7123', 'B', '0762', '0', '1', '0', '2144', '0', 'culture_tourism', '0', '1'),
('L', '71', '712', '7124', 'A', '0416', '1', '1', '0', '', '', 'culture', '0', '1'),
('L', '71', '712', '7125', 'A', '0417', '1', '1', '0', '', '', 'culture', '0', '1'),
('L', '71', '712', '7129', '', '', '', '', '', '2144', '0', 'tourism', '0', '0'),
('L', '71', '713', '7130', '', '', '', '', '', '2144', '0', 'tourism', '0', '0'),
('L', '72', '721', '7211', 'A', '0521', '1', '0', '0', '', '', 'culture', '0', '1'),
('L', '72', '721', '7212', 'A', '0510', '1', '0', '0', '', '', 'culture', '0', '1'),
('L', '72', '721', '7215', '', '', '', '', '', '1723', '0', 'tourism', '0', '0'),
('L', '72', '721', '7219', '', '', '', '', '', '1723', '0', 'tourism', '0', '0'),
('L', '72', '722', '7221', 'A', '0522', '1', '0', '0', '1723', '0', 'culture', '0', '1'),
('L', '72', '722', '7222', '', '', '', '', '', '1723', '0', 'tourism', '0', '0'),
('L', '72', '722', '7223', '', '', '', '', '', '1723', '0', 'tourism', '0', '0'),
('L', '72', '722', '7224', '', '', '', '', '', '1723', '0', 'tourism', '0', '0'),
('L', '72', '722', '7229', '', '', '', '', '', '1723', '0', 'tourism', '0', '0'),
('L', '72', '725', '7251', 'A', '0311', '1', '1', '1', '2145', '0', 'culture', '1', '1'),
('L', '72', '725', '7259', 'A', '0312', '1', '1', '0', '2145', '0', 'culture', '0', '1'),
('L', '72', '727', '7271', '', '', '', '', '', '2141', '0', 'tourism', '0', '0'),
('L', '72', '727', '7272', '', '', '', '', '', '2141', '0', 'tourism', '0', '0'),
('L', '72', '728', '7281', 'B', '0740', '0', '1', '0', '1425', '0', 'culture', '0', '1'),
('L', '72', '728', '7282', 'B', '0740', '0', '1', '0', '1425', '0', 'culture', '0', '1'),
('L', '72', '728', '7283', 'B', '0740', '0', '1', '0', '1425', '0', 'culture', '0', '1'),
('L', '72', '728', '7284', 'B', '0740', '0', '1', '0', '1425', '0', 'culture', '0', '1'),
('L', '72', '728', '7289', 'B', '0740', '0', '1', '0', '1425', '0', 'culture', '0', '1'),
('L', '72', '729', '7291', '', '', '', '', '', '1710', '1', 'tourism', '0', '1'),
('L', '72', '729', '7294', '', '', '', '', '', '2142', '0', 'tourism', '0', '0'),
('L', '72', '729', '7297', '', '', '', '', '', '1721', '0', 'tourism', '0', '0'),
('L', '72', '729', '7298', 'B', '0756', '0', '1', '0', '1721', '0', 'culture_tourism', '0', '1'),
('L', '72', '729', '7299', '', '', '', '', '', '1721', '0', 'tourism', '0', '0'),
('M', '73', '735', '7350', 'B', '0771', '0', '1', '0', '', '', 'culture', '0', '1'),
('M', '74', '748', '7484', 'A', '0321', '1', '0', '0', '', '', 'culture', '0', '1'),
('M', '74', '749', '7491', 'A', '0322', '1', '1', '0', '', '', 'culture', '0', '1'),
('M', '74', '749', '7492', 'A', '0323', '1', '1', '0', '', '', 'culture', '0', '1'),
('M', '75', '752', '7520', 'B', '0730', '0', '0', '1', '', '', 'culture', '1', '1'),
('N', '77', '771', '7711', '', '', '', '', '', '1413', '0', 'culture_tourism', '0', '1'),
('N', '77', '771', '7712', 'A', '0625', '1', '1', '0', '1413', '0', 'culture_tourism', '0', '1'),
('N', '77', '771', '7713', '', '', '', '', '', '1413', '0', 'culture_tourism', '0', '1'),
('N', '77', '771', '7714', '', '', '', '', '', '1413', '0', 'culture_tourism', '0', '1'),
('N', '77', '771', '7715', 'A', '0626', '1', '1', '0', '1413', '0', 'culture_tourism', '0', '1'),
('N', '77', '771', '7716', 'A', '0627', '1', '1', '0', '1413', '0', 'culture_tourism', '0', '1'),
('N', '77', '771', '7719', '', '', '', '', '', '1413', '0', 'culture_tourism', '0', '1'),
('N', '78', '785', '7850', 'A', '0621', '1', '1', '0', '1411', '1', 'culture_tourism', '0', '1'),
('N', '78', '786', '7861', 'A', '0622', '1', '1', '0', '1412', '1', 'culture', '0', '1'),
('N', '78', '786', '7861', 'A', '0622', '1', '1', '0', '1412', '1', 'tourism', '0', '1'),
('N', '78', '786', '7862', 'A', '0623', '1', '1', '0', '1412', '1', 'culture', '0', '1'),
('N', '78', '786', '7862', 'A', '0623', '1', '1', '0', '1412', '1', 'tourism', '0', '1'),
('N', '78', '786', '7869', 'A', '0624', '1', '1', '0', '1412', '1', 'culture', '0', '1'),
('N', '78', '786', '7869', 'A', '0624', '1', '1', '0', '1412', '1', 'tourism', '0', '1'),
('O', '80', '805', '8051', '', '', '', '', '', '1631', '0', 'tourism', '0', '1'),
('O', '80', '805', '8052', '', '', '', '', '', '1632', '0', 'tourism', '0', '1'),
('O', '80', '805', '8053', '', '', '', '', '', '1632', '0', 'tourism', '0', '1'),
('O', '80', '806', '8060', 'B', '0726', '0', '1', '0', '1614', '0', 'culture_tourism', '0', '1'),
('O', '80', '807', '8070', 'B', '0754', '0', '0', '0', '', '', 'culture', '0', '1'),
('P', '83', '833', '8336', '', '', '', '', '', '2131', '0', 'tourism', '0', '0'),
('P', '83', '834', '8341', '', '', '', '', '', '2132', '0', 'tourism', '0', '0'),
('P', '83', '834', '8342', '', '', '', '', '', '2132', '0', 'tourism', '0', '0'),
('P', '83', '839', '8391', '', '', '', '', '', '2133', '0', 'tourism', '0', '0'),
('P', '83', '839', '8393', 'B', '0773', '0', '1', '0', '', '', 'culture', '0', '1'),
('P', '83', '839', '8399', 'B', '0774', '0', '0', '0', '', '', 'culture', '0', '1'),
('Q', '84', '841', '8412', '', '', '', '', '', '1632', '0', 'tourism', '0', '0'),
('Q', '84', '841', '8413', '', '', '', '', '', '1632', '0', 'tourism', '0', '0'),
('Q', '84', '841', '8414', '', '', '', '', '', '1632', '0', 'tourism', '0', '0'),
('Q', '84', '841', '8415', '', '', '', '', '', '1632', '0', 'tourism', '0', '0'),
('Q', '84', '841', '8416', '', '', '', '', '', '1632', '0', 'tourism', '0', '0'),
('Q', '85', '851', '8511', '', '', '', '', '', '1220', '0', 'tourism', '0', '1'),
('Q', '85', '851', '8512', '', '', '', '', '', '', '', 'tourism', '0', '1'),
('R', '86', '861', '8610', 'A', '0110', '1', '1', '0', '', '', 'culture', '0', '1'),
('R', '86', '862', '8621', 'A', '0211', '1', '1', '0', '', '', 'culture', '0', '1'),
('R', '86', '862', '8622', 'A', '0120', '1', '1', '0', '', '', 'culture', '0', '1'),
('R', '86', '862', '8623', 'A', '0212', '1', '1', '0', '', '', 'culture', '0', '1'),
('R', '86', '862', '8624', 'A', '0213', '1', '1', '0', '', '', 'culture', '0', '1'),
('R', '86', '862', '8625', 'A', '0214', '1', '1', '0', '', '', 'culture', '0', '1'),
('R', '86', '862', '8626', 'A', '0215', '1', '1', '1', '', '', 'culture', '1', '1'),
('R', '86', '862', '8629', 'A', '0216', '1', '1', '0', '', '', 'culture', '0', '1'),
('R', '87', '871', '8710', 'A', '0131', '1', '1', '0', '', '', 'culture', '0', '1'),
('R', '87', '872', '8720', 'A', '0132', '1', '1', '0', '', '', 'culture', '0', '1'),
('R', '87', '873', '8730', 'A', '0221', '1', '1', '0', '', '', 'culture', '0', '1'),
('R', '87', '874', '8740', 'A', '0133', '1', '1', '1', '', '', 'culture', '1', '1'),
('R', '87', '875', '8750', 'A', '0431', '1', '1', '0', '', '', 'culture', '0', '1'),
('R', '87', '876', '8760', 'A', '0432', '1', '1', '0', '', '', 'culture', '0', '1'),
('R', '87', '877', '8770', 'A', '0222', '1', '1', '0', '', '', 'culture', '0', '1'),
('R', '88', '881', '8810', 'A', '0231', '1', '1', '0', '1611', '0', 'culture_tourism', '0', '1'),
('R', '88', '882', '8820', 'A', '0440', '1', '1', '0', '1612', '0', 'culture_tourism', '0', '1'),
('R', '88', '883', '8831', 'A', '0251', '1', '1', '0', '', '', 'culture', '0', '1'),
('R', '88', '883', '8832', 'A', '0252', '1', '1', '0', '', '', 'culture', '0', '1'),
('R', '88', '884', '8840', 'A', '0253', '1', '1', '0', '1421', '1', 'culture_tourism', '0', '1'),
('R', '88', '885', '8850', 'A', '0254', '1', '1', '0', '1422', '1', 'culture_tourism', '0', '1'),
('R', '88', '886', '8860', 'A', '0255', '1', '1', '0', '1424', '1', 'culture_tourism', '0', '1'),
('R', '88', '887', '8870', 'A', '0232', '1', '1', '0', '', '', 'culture', '0', '0'),
('R', '88', '889', '8890', 'A', '0233', '1', '1', '1', '', '', 'culture', '1', '1'),
('R', '89', '892', '8921', '', '', '', '', '', '1621', '0', 'tourism', '0', '1'),
('R', '89', '892', '8929', '', '', '', '', '', '1621', '0', 'tourism', '0', '1'),
('R', '89', '893', '8930', '', '', '', '', '', '1622', '0', 'tourism', '0', '1'),
('R', '89', '893', '8930', '', '', '', '', '', '1622', '0', 'tourism', '1', '1'),
('R', '90', '901', '9011', 'A', '0611', '1', '1', '0', '1613', '0', 'culture_tourism', '0', '1'),
('R', '90', '901', '9012', 'A', '0612', '1', '1', '0', '1613', '0', 'culture_tourism', '0', '1'),
('R', '90', '901', '9013', 'A', '0613', '1', '1', '0', '', '', 'culture', '0', '1'),
('R', '90', '901', '9019', 'A', '0614', '1', '1', '0', '1613', '0', 'culture_tourism', '1', '1'),
('R', '90', '902', '9020', 'A', '0615', '1', '1', '0', '1414', '1', 'culture_tourism', '0', '1'),
('R', '90', '903', '9030', 'A', '0631', '1', '1', '0', '1633', '0', 'culture_tourism', '1', '1'),
('R', '90', '905', '9051', 'B', '0751', '0', '1', '0', '', '', 'culture', '0', '1'),
('R', '90', '905', '9053', 'B', '0752', '0', '1', '0', '', '', 'culture', '0', '1'),
('R', '90', '905', '9059', 'B', '0753', '0', '1', '0', '', '', 'culture', '0', '1'),
('R', '90', '909', '9090', 'A', '0616', '1', '1', '0', '1633', '0', 'culture_tourism', '0', '1'),
('S', '92', '922', '9221', '', '', '', '', '', '2210', '0', 'tourism', '0', '0'),
('S', '92', '922', '9222', '', '', '', '', '', '2220', '0', 'tourism', '0', '0'),
('S', '95', '952', '9521', 'B', '0772', '0', '0', '0', '', '', 'culture', '0', '1'),
('S', '95', '952', '9522', '', '', '', '', '', '1723', '0', 'tourism', '0', '0'),
('S', '95', '954', '9542', '', '', '', '', '', '1423', '1', 'tourism', '0', '1');
