uni_social_crd_cd,reg_no,nm,type,estab_dt,reg_capt,reg_org,indv,indv_cd
92330206MA2EL62660,,,,,0.0,,,
92330206MA7FX69W9Y,,,,,10000.0,,,
92330206MACTXDYM7N,,,,,100000.0,,,
92330206MA2KNWW64Q,,,,,10000.0,,,
92330206MA7C1XY7X4,,,,,10000.0,,,
92330206MA7C3HQP3T,,,,,10000.0,,,
92330206MA7F9LEA07,,,,,10000.0,,,
9133020661026074XL,,,,,32758140.0,,,
92330206MA7FA1668W,,,,,10000.0,,,
9133020607921748XK,,,,,3000000.0,,,
92330206MA2EKW8278,,,,,0.0,,,
91330206MA2GT3XNX2,,,,,5000000.0,,,
92330206MA7JRX6D9D,,,,,100000.0,,,
92330206MA2AHNYG2Y,,,,,0.0,,,
92330206MA2J65K60L,,,,,10000.0,,,
92330206MACU3HY569,,,,,50000.0,,,
92330206MA2KQHEG7W,,,,,80000.0,,,
92330206MA7DYXCH2P,,,,,10000.0,,,
92330206MA7C3HP960,,,,,10000.0,,,
92330206MA7BJN2GXW,,,,,10000.0,,,
92330206MA2H6DEL5D,,,,,0.0,,,
92330206MA2AFJR642,,,,,0.0,,,
92330206MACRTUTH77,,,,,10000.0,,,
91330206MA2CMHXQ0E,,,,,300000.0,,,
92330206MA7CJ3XN0U,,,,,10000.0,,,
92330206MA2903XX7N,,,,,0.0,,,
92330206MA2EL40174,,,,,0.0,,,
91330206567007705F,,,,,200000.0,,,
92330206MA2GRR495G,,,,,0.0,,,
92330206MA2J6JJC16,,,,,10000.0,,,
92330206MA7BBXL119,,,,,10000.0,,,
91330206MA2J48WJ0D,,,,,1000000.0,,,
92330206MA2AHWN571,,,,,0.0,,,
92330206MA2KP1059W,,,,,10000.0,,,
91330206MACYH2796M,,,,,50000.0,,,
92330206MA7DKA5T7A,,,,,10000.0,,,
92330206MA2EKKKK8A,,,,,0.0,,,
92330206MA2J62J90C,,,,,0.0,,,
92330206MA2J75800P,,,,,10000.0,,,
92330206MA2KNLD989,,,,,10000.0,,,
92330206MA7EFP8L5G,,,,,10000.0,,,
92330206MA7E0E0A2A,,,,,10000.0,,,
91330201MA2J70W505,,,,,100000.0,,,
92330206MA7FN87G66,,,,,10000.0,,,
92330206MA7EWWUPXJ,,,,,10000.0,,,
92330206MA2J6WE31E,,,,,10000.0,,,
92330206MA7FPYND5U,,,,,10000.0,,,
92330206MA2J6QAF8W,,,,,10000.0,,,
92330206MA2J7T9H1R,,,,,10000.0,,,
91330206MA2AG44L52,,,,,2000000.0,,,
92330206MA2KNUED10,,,,,10000.0,,,
92330206MACP6DCM6K,,,,,10000.0,,,
92330206MA2EKNN95D,,,,,0.0,,,
92330206MA2J418G4G,,,,,0.0,,,
92330206MA2GUJXR1F,,,,,0.0,,,
92330206MA7EXL7D0T,,,,,100000.0,,,
92330206MA2KN0EH24,,,,,0.0,,,
91330201MABRW6YN7F,,,,,1000000.0,,,
91330206MA2GRBQAXB,,,,,0.0,,,
92330206MA2KNQ961N,,,,,10000.0,,,
91330206MA282UG88P,,,,,1000000.0,,,
92330206MA284DF94X,,,,,0.0,,,
92330206MA2J72J7XU,,,,,40000.0,,,
92330206MA2CL09J9W,,,,,0.0,,,
92330206MA7CB98W8Q,,,,,10000.0,,,
91330201MA8FRUN437,,,,,2000000.0,,,
91330206MA7LDB042M,,,,,0.0,,,
92330206MACLB29E5P,,,,,10000.0,,,
91330206308903425X,,,,,1500000.0,,,
92330206MA7BMXAK73,,,,,10000.0,,,
92330206MA2KNQU141,,,,,10000.0,,,
92330206MA7LDJYB89,,,,,100000.0,,,
92330206MA7CTDK87G,,,,,10000.0,,,
92330206MA7FM75H3K,,,,,10000.0,,,
92330206MA2J7WPR36,,,,,10000.0,,,
92330206MA2KP7YW2L,,,,,10000.0,,,
92330206MA2J402X2E,,,,,0.0,,,
92330206MA292UM368,,,,,0.0,,,
92330206MA2J7JX08M,,,,,0.0,,,
92330206MA7EWMNY14,,,,,10000.0,,,
92330206MA2KNDUE52,,,,,10000.0,,,
92330206MA2J6W0247,,,,,10000.0,,,
92330206MA7BQN1E59,,,,,10000.0,,,
92330206MA2EKTG38B,,,,,0.0,,,
92330206MA2KP31U5B,,,,,10000.0,,,
91330206MA8FUD7Q13,,,,,0.0,,,
92330206MA2EKRBJ1H,,,,,0.0,,,
91330206340565200A,,,,,1000000.0,,,
92330206MABM4FLW5Q,,,,,100000.0,,,
92330206MA293YDHXX,,,,,0.0,,,
91330201MA2825TJ21,,,,,3000000.0,,,
92330206MA7HCY5Q80,,,,,10000.0,,,
91330206MA2GWACN1W,,,,,100000.0,,,
92330206MA2920Q050,,,,,0.0,,,
92330206MA2KPX5746,,,,,10000.0,,,
92330206MA7F9UNR1R,,,,,10000.0,,,
92330206MA2J48UL43,,,,,0.0,,,
92330206MA2J79KT5D,,,,,10000.0,,,
92330206MA2KNMC94E,,,,,10000.0,,,
91330206MA2816FN3H,,,,,2000000.0,,,
91330206599458148M,,,,,500000.0,,,
91330201MA2GQAFXXL,,,,,1000000.0,,,
92330206MA7C76U575,,,,,10000.0,,,
91330206595392612L,,,,,500000.0,,,
92330206MA2KPEBT03,,,,,10000.0,,,
92330206MABUNPGG0T,,,,,10000.0,,,
92330206MA7EK9YK69,,,,,10000.0,,,
92330206MACPBFHG1G,,,,,0.0,,,
92330206MA2KNLQY54,,,,,10000.0,,,
91330206MA2J5RED4P,,,,,1000000.0,,,
92330206MA2KNPW14F,,,,,10000.0,,,
91330206MA7LDBL2XQ,,,,,5000000.0,,,
92330206MA7C0GQW1B,,,,,10000.0,,,
91330206MA2CKCC934,,,,,2000000.0,,,
92330206MA2EKGYR3R,,,,,0.0,,,
92330206MA2KNQD08W,,,,,10000.0,,,
92330206MA7CCF71XB,,,,,1000.0,,,
91330206316976202Q,,,,,100000.0,,,
91330206MA2H7YBD3L,,,,,3000000.0,,,
92330206MA2KN4WX9J,,,,,10000.0,,,
92330201MA2EQ3AP1G,,,,,0.0,,,
92330206MA2J46GY6N,,,,,0.0,,,
92330206MA7EWMCE8G,,,,,10000.0,,,
92330206MA2KPHUG3J,,,,,10000.0,,,
92330206MA7F9Q1692,,,,,10000.0,,,
91330206MA2KPNEA9C,,,,,300000.0,,,
91330206MA2CL4KY2C,,,,,1500000.0,,,
91330201MA2GT6LY1X,,,,,1000000.0,,,
92330206MA2KNMBA60,,,,,10000.0,,,
91330201MA2CHWHN89,,,,,1000000.0,,,
92330206MA2J4WGK2X,,,,,10000.0,,,
91330201MA2CHLWK9X,,,,,5000000.0,,,
92330206MA2KN2FT2H,,,,,10000.0,,,
92330206MA2KN8L50D,,,,,0.0,,,
92330206MA2KPX590U,,,,,10000.0,,,
92330206MA7EF921X0,,,,,10000.0,,,
91330206MA2H743JX1,,,,,1000000.0,,,
91330206MA2J30GH56,,,,,1000000.0,,,
91330206MA7G0CPH57,,,,,5000000.0,,,
91330206MAC7HTTCXX,,,,,1000000.0,,,
92330206MA7F1TBT5K,,,,,10000.0,,,
92330206MA7EUJ2E51,,,,,10000.0,,,
91330206MA282C3353,,,,,1500000.0,,,
92330206MA7F72CL54,,,,,10000.0,,,
92330206MA2EKD8U4C,,,,,0.0,,,
92330206MA2J5WR04B,,,,,10000.0,,,
92330206MA2AHAPL0E,,,,,0.0,,,
92330206MAC4RB9314,,,,,100000.0,,,
92330206MA2J77JQ9K,,,,,10000.0,,,
92330206MA2KNBNY94,,,,,10000.0,,,
92330206MA2AGKNX84,,,,,0.0,,,
92330206MA2J3HN23A,,,,,0.0,,,
91330201MA2GWX2J8N,,,,,1000000.0,,,
92330206MA2KPC7U8P,,,,,10000.0,,,
92330206MA2GQ2BH16,,,,,0.0,,,
92330206MACXB25L8P,,,,,200000.0,,,
92330282MA2KPBWY7R,,,,,100000.0,,,
92330282MA293LRC23,,,,,0.0,,,
92330201MABPYTGP03,,,,,100000.0,,,
92330282MA2AECH90A,,,,,0.0,,,
92330282MA2GQK052B,,,,,0.0,,,
92330282MA2EHT7W1Y,,,,,0.0,,,
92330282MA2H67FX3W,,,,,0.0,,,
92330282MA2EHU358D,,,,,0.0,,,
92330282MA2EGN5M54,,,,,0.0,,,
92330282MA2EJNF13H,,,,,0.0,,,
91330201MAD9C98T7K,,,,,1000000.0,,,
92330282MA2KN2X42C,,,,,300000.0,,,
91330282695069476W,,,,,10000000.0,,,
91330282MA2KPUFF51,,,,,0.0,,,
91330282MA281MKN99,,,,,0.0,,,
92330282MA2EK06B08,,,,,0.0,,,
92330282MA2EJGJG2K,,,,,0.0,,,
92330282MA2EH33896,,,,,0.0,,,
91330282MA2H5GMC50,,,,,0.0,,,
92330282MA2EJYDK6U,,,,,0.0,,,
92330282MA2EJTCE77,,,,,0.0,,,
92330282MA2EJAQ69M,,,,,0.0,,,
92330201MA2ENBQ554,,,,,0.0,,,
92330282MA2AFT457Y,,,,,0.0,,,
92330282MA2EK7TH52,,,,,0.0,,,
92330282MACML7UB33,,,,,10000.0,,,
91330282MA282F0T7P,,,,,5000000.0,,,
92330282MAD478936T,,,,,50000.0,,,
92330282MA2917PA4E,,,,,0.0,,,
92330282MABR9NNR07,,,,,28000.0,,,
91330282MA2AJ40JX5,,,,,500000.0,,,
92330282MA2EJ6KJ6F,,,,,0.0,,,
92330201MA2GUFM0X1,,,,,0.0,,,
92330282MA2H8JAH46,,,,,0.0,,,
92330282MA2EJLC86J,,,,,0.0,,,
913302017449761022,,,,,10800000.0,,,
92330282MA2H6BCF8R,,,,,0.0,,,
91330282MACN77KH3W,,,,,50000.0,,,
92330282MA2EJKG383,,,,,0.0,,,
91330282MACDJY8E2C,,,,,1000000.0,,,
92330282MA283W6P40,,,,,0.0,,,
91330282MA2GT9ER8C,,,,,10000000.0,,,
92330282MA2H8GP61W,,,,,0.0,,,
92330282MA2EHPJR64,,,,,0.0,,,
91330282071475652X,,,,,1000000.0,,,
92330282MABY6THG90,,,,,20000.0,,,
91330282MA2J74J40J,,,,,500000.0,,,
91330282MA2H5HEX9D,,,,,50000.0,,,
92330282MA2J6P105U,,,,,200000.0,,,
92330282MAD0B08E6B,,,,,300000.0,,,
92330282MA2EK7YQ0G,,,,,0.0,,,
92330201MACYKAQU7R,,,,,50000.0,,,
913302827645150041,,,,,500000.0,,,
92330282MA2EH7GD3F,,,,,0.0,,,
92330282MA2EJJQA6A,,,,,0.0,,,
92330282MA2EK32DX3,,,,,0.0,,,
92330201MACPLJ2D7X,,,,,50000.0,,,
92330282MA2EJGUH0H,,,,,0.0,,,
92330282MA2EJ85R16,,,,,0.0,,,
92330282MA2EJJ7J9B,,,,,0.0,,,
92330282MA2AJ2287G,,,,,0.0,,,
92330282MACRCY7L8W,,,,,20000.0,,,
92330282MA2CKXD115,,,,,0.0,,,
92330282MA2918BE09,,,,,0.0,,,
92330282MA2CLGQC3Y,,,,,0.0,,,
91330282MAC39LBY6J,,,,,770000.0,,,
92330282MA2J5MDT5L,,,,,100000.0,,,
92330282MA2EHH8U9B,,,,,0.0,,,
91330282768508354X,,,,,100000.0,,,
91330282MA2KPMPG54,,,,,500000.0,,,
91330282MA2H5UQA25,,,,,300000.0,,,
91330282MACN59P6XP,,,,,0.0,,,
91330282MA2KPUF96X,,,,,500000.0,,,
91330282MA2GFAFW1H,,,,,0.0,,,
91330282079201939U,,,,,1800000.0,,,
91330282MAD2ANTL67,,,,,1000000.0,,,
91330282MAD58L25XG,,,,,100000.0,,,
91330282MABYNY8QXY,,,,,1000000.0,,,
91330282MA7CD8GQ8F,,,,,0.0,,,
91330282MA2GQ5801E,,,,,1000000.0,,,
92330282MA2EJMYA5Y,,,,,0.0,,,
92330201MACU6R1925,,,,,150000.0,,,
91330282MA292E3154,,,,,1000000.0,,,
92330282MA2H8JWEXN,,,,,0.0,,,
92330201MAD1YXEU18,,,,,30000.0,,,
92330201MAD97XRE32,,,,,50000.0,,,
92330282MA2J584F58,,,,,20000.0,,,
92330282MA2EGPUN8J,,,,,0.0,,,
92330282MA2GTNU90P,,,,,0.0,,,
91330282066618110G,,,,,0.0,,,
91330282MAD698HX5P,,,,,1000000.0,,,
91330201MAC3AENG15,,,,,1000000.0,,,
9133020159948053XH,,,,,80000.0,,,
92330282MA2J3C8Q06,,,,,0.0,,,
91330282MA2GWNG47C,,,,,1000000.0,,,
92330282MA2J5YGW1C,,,,,50000.0,,,
92330282MA2EHRPB9R,,,,,0.0,,,
92330282MA2934HA6C,,,,,10000.0,,,
92330282MA2CLL708E,,,,,0.0,,,
92330282MA7M58HJ2J,,,,,200000.0,,,
92330201MA2J40NKX1,,,,,0.0,,,
91330201MABU14C746,,,,,100000.0,,,
91330282MA7MG4DQ3G,,,,,1500000.0,,,
92330201MA2AH4LY5K,,,,,0.0,,,
91330281MA2AJCF79C,,,,,10000000.0,,,
92330282MA2EJ3320U,,,,,0.0,,,
91330201MA2CHCEF9G,,,,,880000.0,,,
92330282MA2EK3UJ72,,,,,0.0,,,
92330201MA2EN7DW27,,,,,0.0,,,
91330282MA2AJUMQ8P,,,,,1000000.0,,,
92330282MA2AH0PM1C,,,,,0.0,,,
92330282MABQ513J5A,,,,,120000.0,,,
92330282MACYT3MN48,,,,,10000.0,,,
92330282MA2GWCA9X8,,,,,0.0,,,
92330282MACN8R3M66,,,,,50000.0,,,
92330282MA2EK43C05,,,,,0.0,,,
92330282MA28361X74,,,,,0.0,,,
92330201MACPDP6W0C,,,,,50000.0,,,
92330282MA2915Y71B,,,,,0.0,,,
91330282MA2839E32C,,,,,1000000.0,,,
92330201MA2EN7AW39,,,,,0.0,,,
92330282MA2AF3A54H,,,,,0.0,,,
92330282MABQ2RF430,,,,,500000.0,,,
92330282MACQJ4KF7Q,,,,,50000.0,,,
91330282MABRBFKQ2B,,,,,300000.0,,,
92330282MA2EJN4A7Q,,,,,0.0,,,
91330282MA2GRBBP7W,,,,,500000.0,,,
92330282MA2KNGURXF,,,,,150000.0,,,
91330282MA2823TF40,,,,,1000000.0,,,
91330201MA2836JM1J,,,,,300000.0,,,
92330282MA2EGMW20C,,,,,0.0,,,
91330282MA291BWWXT,,,,,50000.0,,,
91330201MA2H4A873D,,,,,1660000.0,,,
92330201MA29320P5D,,,,,0.0,,,
92330282MABNYGJT5G,,,,,50000.0,,,
92330282MA2J7BBJ1U,,,,,100000.0,,,
92330282MA2EHRQD1Q,,,,,0.0,,,
92330282MAC5GFUF5Y,,,,,100000.0,,,
92330282MA2EGPR00P,,,,,0.0,,,
92330282MABWX0F60F,,,,,0.0,,,
91330203MACBJT4X75,,,,,100000.0,,,
91330203MA2J79RK63,,,,,10000000.0,,,
91330203MA28Y8M13H,,,,,10000000.0,,,
91330203MAD4TNCYXW,,,,,880000.0,,,
91330203MA28314Y02,,,,,5000000.0,,,
91330203MA2GTXKK49,,,,,1000000.0,,,
913302043168574571,,,,,1000000.0,,,
91330212MA2GQRHU4T,,,,,500000.0,,,
91330203340568532Y,,,,,500000.0,,,
913302036747483304,,,,,500000.0,,,
92330203MA2EQKTX4B,,,,,0.0,,,
91330203MA2J6JXU8H,,,,,1500000.0,,,
91330203MA2J41RP9F,,,,,100000.0,,,
91330203MA2CL0JJ22,,,,,5000000.0,,,
91330212MA2H6W2C7C,,,,,1000000.0,,,
91330203MACBWKJ25D,,,,,30000.0,,,
91330203MA2GG1ML77,,,,,100000.0,,,
91330203MA8FQL3542,,,,,300000.0,,,
91330203MACC0WFY0L,,,,,0.0,,,
91330212MA2CKUCB9T,,,,,0.0,,,
91330203MACBB9WY57,,,,,1000000.0,,,
92330203MACMNA8K6G,,,,,10000.0,,,
91330203MA2K8H965U,,,,,3000000.0,,,
91330203MA2K8J9B1U,,,,,1000000.0,,,
91330203591558750M,,,,,100000.0,,,
91330203554536595A,,,,,150000.0,,,
91330203MA2J7CGM05,,,,,1000000.0,,,
91330203MACATE8212,,,,,1000000.0,,,
92330203MA2ER5TX9D,,,,,0.0,,,
92330203MA2KQ9291R,,,,,10000.0,,,
91330203MA2J4AF53J,,,,,1000000.0,,,
92330203MA2KQB3Q2G,,,,,1000000.0,,,
92330203MA284GUR50,,,,,0.0,,,
91330203MAC4FGQ03T,,,,,0.0,,,
92330203MA2H5BMC1Y,,,,,0.0,,,
91330203MA282NK92P,,,,,500000.0,,,
91330203MA7EB8TGX9,,,,,300000.0,,,
92330203MA28Y2KX6X,,,,,0.0,,,
92330203MA2GW5RPXU,,,,,0.0,,,
91330203MA2GG09G02,,,,,100000.0,,,
92330200MA2846PQ8X,,,,,0.0,,,
92330203MACX5U4N19,,,,,100000.0,,,
91330203MA2H7E555H,,,,,100000.0,,,
91330203MABX2THK97,,,,,2000000.0,,,
91330203MA281QYM03,,,,,1000000.0,,,
92330203MA2EQPBL5W,,,,,0.0,,,
91330200MA2GFD539L,,,,,0.0,,,
913302125670477823,,,,,2000000.0,,,
92330203MA2CKRA59N,,,,,0.0,,,
92330203MA2GUHW41H,,,,,0.0,,,
91330203MA2H7PPX15,,,,,1000000.0,,,
92330203MA2CJYL36G,,,,,0.0,,,
91330203MA2GWG9T8M,,,,,18600000.0,,,
91330203MA2GU6LW0D,,,,,0.0,,,
91330203MA2839L37G,,,,,5000000.0,,,
92330203MA7C14J67T,,,,,30000.0,,,
91330203MA2CM5P47B,,,,,500000.0,,,
92330203MA2AG73H4D,,,,,0.0,,,
92330203MA2CKG2W90,,,,,0.0,,,
91330203MAC1GD926B,,,,,2000000.0,,,
92330203MA2KQK7W12,,,,,10000.0,,,
92330203MA291NM90L,,,,,0.0,,,
913302036950718083,,,,,30000.0,,,
91330203MA2GFW7U41,,,,,500000.0,,,
91330203MA7MA9M92K,,,,,500000.0,,,
91330206MABXA5ND8U,,,,,2000000.0,,,
913302036880182919,,,,,500000.0,,,
92330203MA2H7PPM1R,,,,,0.0,,,
91330203599474340F,,,,,100000.0,,,
92330203MA2KPHFFXJ,,,,,200000.0,,,
91330203MA2AGCT63Q,,,,,1000000.0,,,
92330203MAC63XNFXJ,,,,,90000.0,,,
91330203MA2GWAJE2E,,,,,1000000.0,,,
91330203MA293CWU7Y,,,,,2000000.0,,,
91330203MA2GR0YQ1A,,,,,100000.0,,,
91330203MA2J74J08R,,,,,1000000.0,,,
92330203MA2ER12KXU,,,,,0.0,,,
91330203MA2K8KUE2F,,,,,500000.0,,,
92330203MA2CMA8XX5,,,,,0.0,,,
91330203MAC5A6AAXR,,,,,0.0,,,
92330203MA2AFA6B7F,,,,,0.0,,,
91330203MAD8MN086E,,,,,0.0,,,
913302036810553643,,,,,150000.0,,,
91330203MA2CLQ4Y06,,,,,1000000.0,,,
92330203MA2KQ33K1E,,,,,10000.0,,,
92330203MA7BP8QH2D,,,,,100000.0,,,
91330203MA2GUHKQ5J,,,,,1000000.0,,,
91330203MA7FJDPK5X,,,,,300000.0,,,
92330203MA7KCPHP4X,,,,,100000.0,,,
91330203665589681J,,,,,100000.0,,,
91330203MA2J6C4F16,,,,,200000.0,,,
91330203MA2GRK381R,,,,,100000.0,,,
91330203MA2GQMXJ2H,,,,,1000000.0,,,
92330203MA28YP60X5,,,,,0.0,,,
92330203MA2H8A6PXU,,,,,0.0,,,
92330203MA2AHTTH54,,,,,0.0,,,
91330203MA2H8RLT4G,,,,,1000000.0,,,
91330203MA2GU1A13X,,,,,1000000.0,,,
91330203MA2K8JHQ53,,,,,100000.0,,,
91330203MA8FQLQR0H,,,,,1500000.0,,,
91330203MA2GWN0X2E,,,,,1000000.0,,,
91330203MACLHW4U97,,,,,1000000.0,,,
92330203MABRM5R4X1,,,,,50000.0,,,
91330203MA2811RWXH,,,,,500000.0,,,
92330203MA2GTDPP27,,,,,0.0,,,
91330203MACM6K2F13,,,,,300000.0,,,
91330203MAD0WYGA17,,,,,500000.0,,,
91330203MA2CHTBN10,,,,,500000.0,,,
92330203MA2KPM0M56,,,,,10000.0,,,
92330203MA2GU7TM2J,,,,,0.0,,,
92330203MA2J7DJ96T,,,,,100000.0,,,
91330203316995446H,,,,,1000000.0,,,
92330203MA291FKU82,,,,,0.0,,,
91330203MA281EUE78,,,,,100000.0,,,
92330203MA2EQL686H,,,,,0.0,,,
92330203MAD448JX9D,,,,,100000.0,,,
91330203MA7DM8YU5U,,,,,100000.0,,,
91330203MABW3JG30G,,,,,1000000.0,,,
92330203MA2KNW044C,,,,,10000.0,,,
91330203MA2K8D200H,,,,,0.0,,,
92330203MA2KQHH3X9,,,,,200000.0,,,
91330203MA293K5956,,,,,100000.0,,,
91330203MA2K8JNB0J,,,,,300000.0,,,
92330203MA2AGAKK53,,,,,0.0,,,
92330203MA2KP1518N,,,,,50000.0,,,
91330203MA281G5GX0,,,,,1000000.0,,,
91330203MA7BGG9J33,,,,,1000000.0,,,
91330203MACKCG2T6H,,,,,1000000.0,,,
91330203MA2CKH3F9J,,,,,1000000.0,,,
91330203MA2AFGCB1D,,,,,1000000.0,,,
92330203MA2KQHTP6R,,,,,200000.0,,,
91330203MA2AFT7M50,,,,,10000000.0,,,
92330203MA2H8XJP5Y,,,,,0.0,,,
91330212MA2CKHTB19,,,,,300000.0,,,
92330212MA2AHJHJ8J,,,,,0.0,,,
92330212MA2GTPLL7U,,,,,0.0,,,
92330212MA2EGE0W09,,,,,0.0,,,
91330201MA282QLY1H,,,,,5000000.0,,,
91330212058266389T,,,,,0.0,,,
92330212MA2KQH6U0T,,,,,100000.0,,,
92330212MA2EG3X76B,,,,,0.0,,,
91330212MA28YR5N7L,,,,,100000.0,,,
91330204MA2828RG3D,,,,,100000.0,,,
92330212MA28Y3A3XF,,,,,0.0,,,
91330212MA2J5PMN1N,,,,,0.0,,,
91330201MA2GQ6HYX4,,,,,500000.0,,,
91330212MA28Y6W97G,,,,,1000000.0,,,
91330212MA2936CK1Y,,,,,2000000.0,,,
92330212MA2EG4HG05,,,,,0.0,,,
92330212MAD4MKN3XB,,,,,10000.0,,,
91330212MAD7NP9WXT,,,,,20000000.0,,,
91330201316942985M,,,,,1000000.0,,,
92330212MA7J9ELY6J,,,,,50000.0,,,
91330204084787233U,,,,,100000.0,,,
91330212058269061L,,,,,0.0,,,
92330212MA2J6N5642,,,,,150000.0,,,
91330201595378095P,,,,,0.0,,,
92330212MA2CHTL4X5,,,,,0.0,,,
92330212MA2H5PUN00,,,,,0.0,,,
92330212MA2CLYP40G,,,,,0.0,,,
91330212MAD64TA19E,,,,,0.0,,,
91330212MA282DJK92,,,,,1000000.0,,,
91330212MA2AEWR058,,,,,20000.0,,,
92330212MA2CKHDJ50,,,,,0.0,,,
91330212MAC2CPNG11,,,,,500000.0,,,
91330212MA2KP7JM5B,,,,,1000000.0,,,
91330212MA2H83A60Q,,,,,2000000.0,,,
91330212MA7EE97J3E,,,,,100000.0,,,
92330212MA284X4480,,,,,0.0,,,
91330212MA292L277R,,,,,1000000.0,,,
92330212MAD2Y4L370,,,,,100000.0,,,
91330212MA281EEC9K,,,,,1000000.0,,,
91330212MA8FY2954H,,,,,0.0,,,
91330212MA2J5K1H5F,,,,,1000000.0,,,
91330212MAD1KHMP11,,,,,1680000.0,,,
92330212MA2EFACN78,,,,,0.0,,,
91330200MA28YXPR32,,,,,0.0,,,
92330212MA2J5J0B7F,,,,,0.0,,,
92330212MA2H69BU9Q,,,,,0.0,,,
91330212MAD2DP650M,,,,,16880000.0,,,
91330201MAC5MXWW93,,,,,500000.0,,,
91330203MA8FPPD61G,,,,,266000.0,,,
92330212MA2GQ7006F,,,,,0.0,,,
91330212MABNFHM57U,,,,,300000.0,,,
91330212772303415R,,,,,100000.0,,,
91330212MAC4A8WH1D,,,,,1000000.0,,,
91330212MA2KPG5P5L,,,,,5000000.0,,,
92330212MA2EG0WR5F,,,,,0.0,,,
91330212MA2CKUF59M,,,,,0.0,,,
91330212MA8FQCWW52,,,,,0.0,,,
91330212MABWQ86C6Y,,,,,500000.0,,,
91330212MA291G657R,,,,,2200000.0,,,
92330212MA2AH25P4K,,,,,0.0,,,
91330201MA8FXT4185,,,,,500000.0,,,
92330212MA284YBX26,,,,,0.0,,,
92330212MA2EFY6N4D,,,,,0.0,,,
91330212MA2936MP6M,,,,,900000.0,,,
91330212MABT4JD42A,,,,,2000000.0,,,
91330212MA2AEWW15A,,,,,1000000.0,,,
92330212MACWKGH17B,,,,,10000.0,,,
92330201MA283KEQ0N,,,,,0.0,,,
92330212MA2GU8R7XA,,,,,0.0,,,
91330212MA2J4YD21F,,,,,1000000.0,,,
92330212MA2GUGHY9G,,,,,0.0,,,
91330212MA2CKJYRXC,,,,,500000.0,,,
91330212MA2GXYKL73,,,,,1500000.0,,,
92330203MA2J6C0DX1,,,,,50000.0,,,
92330212MAD4WWHL6G,,,,,50000.0,,,
92330201MA2CHPEA35,,,,,0.0,,,
92330201MA2EQ01G2K,,,,,0.0,,,
92330212MA2EGC7P2K,,,,,0.0,,,
91330201MA2GWKAWX7,,,,,180000000.0,,,
91330212MAD5TBPA4D,,,,,35000000.0,,,
91330212MA2GXWQ59P,,,,,0.0,,,
92330201MA7D2GLXX6,,,,,10000.0,,,
91330212MACBNH5G30,,,,,5000000.0,,,
91330201MA8FWN7901,,,,,0.0,,,
91330200MA2CKYXT08,,,,,0.0,,,
92330212MAD3UGFKXA,,,,,100000.0,,,
91330201MA2H81520U,,,,,0.0,,,
91330212MA7D8YDP5J,,,,,600000.0,,,
91330212MA2AGLWR95,,,,,1000000.0,,,
92330212MA28Y0M70J,,,,,0.0,,,
92330212MA2EGENL7K,,,,,0.0,,,
92330212MA284CYD5Q,,,,,0.0,,,
92330212MAD5FM9B4Y,,,,,500000.0,,,
91330212MA2J7N623B,,,,,500000.0,,,
913302120975859135,,,,,1000000.0,,,
91330212MA8FY1Q25F,,,,,500000.0,,,
91330211570534012U,,,,,500000.0,,,
91330212MA2GT29C47,,,,,2000000.0,,,
91330212MAD62T5R9B,,,,,500000.0,,,
91330201MA2J6JHY9N,,,,,1000000.0,,,
91330212MA2CL4QE7D,,,,,1000000.0,,,
9133021255799695XK,,,,,200000.0,,,
92330201MA2H53QG83,,,,,0.0,,,
92330212MACYDNFGXM,,,,,100000.0,,,
91330212MACMTFY39D,,,,,0.0,,,
92330201MA2J6LW521,,,,,0.0,,,
91330201MA28114K5R,,,,,1000000.0,,,
92330212MAC00X8D64,,,,,100000.0,,,
92330212MA29127Q7T,,,,,0.0,,,
92330201MA2CH5DM0F,,,,,0.0,,,
91330200595380793Q,,,,,180000000.0,,,
91330212MAC18CHF75,,,,,500000.0,,,
91330212MA2AJFQ18X,,,,,500000.0,,,
91330203732139139B,,,,,500000.0,,,
91330204744965809U,,,,,0.0,,,
91330201MA2J7GNL8Y,,,,,1000000.0,,,
91330212688014151K,,,,,200000.0,,,
92330201MAC20NG13G,,,,,200000.0,,,
92330201MA2KN04N8T,,,,,0.0,,,
91330212MA2H5ETT3R,,,,,1200000.0,,,
91330225MA7BC5PF0K,,,,,1000000.0,,,
92330225MA2CJR447H,,,,,0.0,,,
92330225MA2CLKLW66,,,,,0.0,,,
92330225MA2GRTWB5J,,,,,0.0,,,
92330225MA2J4G0972,,,,,100000.0,,,
92330225MACQ3W3K90,,,,,50000.0,,,
91330225724087578Y,,,,,500000.0,,,
92330225MA28YJJT3B,,,,,0.0,,,
92330225MA2CLQMM7U,,,,,0.0,,,
91330225732112577R,,,,,500000.0,,,
91330225MA292QX94K,,,,,5263157.9,,,
92330225MA7CN4QD9Q,,,,,100000.0,,,
92330225MABQQ1HF6B,,,,,30000.0,,,
92330225MACUDGHU4N,,,,,400000.0,,,
92330225MA2CK52T4T,,,,,0.0,,,
92330225MA2CKQYY6D,,,,,0.0,,,
91330225MA2J5EHE61,,,,,3000000.0,,,
92330225MA2H7MRQ9E,,,,,0.0,,,
92330225MA2J55LG3N,,,,,100000.0,,,
92330225MA2CJW90XK,,,,,0.0,,,
92330225MABT5PEWX0,,,,,20000.0,,,
92330225MA2J7UHY4M,,,,,10000.0,,,
92330225MA2CHLEP5U,,,,,0.0,,,
92330201MA2CHU8W95,,,,,0.0,,,
92330225MA2GTKC129,,,,,0.0,,,
91330201MA2CHQDN6F,,,,,20000000.0,,,
91330225MA2H75876J,,,,,3000000.0,,,
92330225MA2J4K338M,,,,,50000.0,,,
92330225MA2H6HCT92,,,,,0.0,,,
92330225MA2J4LMX7T,,,,,100000.0,,,
92330225MA7MFAF39P,,,,,100000.0,,,
92330225MA2AJHYC45,,,,,0.0,,,
92330225MA2J4G2Y4R,,,,,100000.0,,,
91330225MA2GT3JG3D,,,,,5000000.0,,,
91330225MABUF2E00L,,,,,3000000.0,,,
92330225MA2KN1MR8E,,,,,100000.0,,,
91330225MACP0DB15B,,,,,500000.0,,,
92330225MA7CBJD3XX,,,,,0.0,,,
92330225MA2GTKKD1A,,,,,0.0,,,
91330225MACTCM3L1K,,,,,500000.0,,,
91330225MA2KQDLXX7,,,,,10000000.0,,,
92330225MAD6PRMW89,,,,,100000.0,,,
92330225MA7AT35T4D,,,,,0.0,,,
92330225MA2GRQ062N,,,,,0.0,,,
91330225MA2H74363L,,,,,1000000.0,,,
91330225MA2H6HGQXP,,,,,1000000.0,,,
92330225MA7CC38M55,,,,,100000.0,,,
92330225MA2J7C8H98,,,,,100000.0,,,
92330225MACTNDCY0E,,,,,150000.0,,,
92330201MA2AJ70R34,,,,,0.0,,,
91330225MAD657563X,,,,,1000000.0,,,
92330225MA2GUCBM1A,,,,,0.0,,,
92330225MA2GUC7G71,,,,,0.0,,,
92330225MA2GTGEG7X,,,,,0.0,,,
92330225MACYQELR44,,,,,100000.0,,,
92330225MA2GTHQH4M,,,,,0.0,,,
92330225MA2CLA0Q6F,,,,,0.0,,,
92330225MA2AHQWD3J,,,,,0.0,,,
91330225MABUGQF91D,,,,,300000.0,,,
92330225MA7C9H4T9X,,,,,100000.0,,,
91330225665581612G,,,,,420000.0,,,
92330225MA2J4X3Y7N,,,,,0.0,,,
91330225MAD5XYKH49,,,,,5000000.0,,,
92330225MA2GU2872M,,,,,0.0,,,
91330225MABW28AR3A,,,,,2000000.0,,,
92330225MA2ELC4X6Y,,,,,0.0,,,
92330225MA2J5N7G3P,,,,,100000.0,,,
92330225MA2CL9Y585,,,,,0.0,,,
91330225MA2H5JQL2W,,,,,100000.0,,,
92330225MA7D4Y129X,,,,,200000.0,,,
92330225MA2GWMBF20,,,,,0.0,,,
91330225MA7HP7JA3E,,,,,500000.0,,,
92330225MA2GT7W65U,,,,,0.0,,,
92330225MABXBK6E40,,,,,0.0,,,
91330225MA2GUANQ5W,,,,,10000000.0,,,
92330225MA2J6UDY34,,,,,1500000.0,,,
92330225MAD7F6AJ4F,,,,,300000.0,,,
91330225MA7B1PGQ8T,,,,,100000.0,,,
91330225MA2GQ1G79D,,,,,20000000.0,,,
92330225MA284NBW4C,,,,,0.0,,,
92330225MA2EL68X57,,,,,0.0,,,
92330225MA2H78XE01,,,,,0.0,,,
92330225MA2AFGC448,,,,,0.0,,,
91330225MA2CM1E62R,,,,,300000.0,,,
92330225MA2KPM9881,,,,,0.0,,,
91330225MA2AE2D558,,,,,30000.0,,,
92330225MA2EL8560D,,,,,0.0,,,
92330225MA2H5GFC0R,,,,,0.0,,,
91330225MA291XK28C,,,,,2000000.0,,,
91330201MA2KNDEC77,,,,,50000000.0,,,
92330225MA7H9M493K,,,,,20000.0,,,
92330225MACXX53W3N,,,,,50000.0,,,
92330225MABUUD1T7L,,,,,0.0,,,
91330225MA7BDPX84L,,,,,10800000.0,,,
91330225691399718J,,,,,9000000.0,,,
92330225MA2J6UH86D,,,,,40000.0,,,
91330225MA2H4XNC21,,,,,27800000.0,,,
92330281MA2EP59Y9D,,,,,0.0,,,
913302815839844262,,,,,100000.0,,,
91330281MA2J7U411T,,,,,5000000.0,,,
91330281MA2H589U8C,,,,,300000.0,,,
92330281MA2KP8AA2B,,,,,1500000.0,,,
92330281MA2EP8167N,,,,,0.0,,,
92330281MA2AE09G4B,,,,,1100000.0,,,
92330281MA2AHRK2XY,,,,,0.0,,,
91330281071454712A,,,,,260000.0,,,
92330281MA2GU9AU2B,,,,,0.0,,,
91330281MA8FWQAP9N,,,,,0.0,,,
92330281MA2GQF8L0N,,,,,0.0,,,
91330281084771311N,,,,,0.0,,,
913302815705403326,,,,,300000.0,,,
91330281MA2CHWMX1D,,,,,1000000.0,,,
9133028158746505X9,,,,,1180000.0,,,
91330281MA2H7CAT8D,,,,,1000000.0,,,
92330281MA2GR9LC9T,,,,,0.0,,,
92330281MA2EP58Y22,,,,,0.0,,,
92330281MA2ENAF87Y,,,,,0.0,,,
92330281MAD5L7EQ0U,,,,,100000.0,,,
91330281MA8FXH5G4Q,,,,,0.0,,,
91330281MACNMC9F21,,,,,1000000.0,,,
91330281750375215G,,,,,50000.0,,,
91330281MA2CH37A9E,,,,,0.0,,,
91330281MA2CH9EU3G,,,,,200000.0,,,
92330281MA2CMRFM06,,,,,0.0,,,
91330281MA2CKJ934Y,,,,,200000.0,,,
92330281MA2H7FCW3X,,,,,0.0,,,
92330281MA7CXGA329,,,,,10000.0,,,
92330281MA2GUD2R8B,,,,,0.0,,,
91330281MA281U8D2Q,,,,,1000000.0,,,
91330281MA2H43AQ2G,,,,,10000000.0,,,
92330281MA29086H8J,,,,,0.0,,,
91330281MA281JN60R,,,,,50000.0,,,
92330281MA2H542R8J,,,,,0.0,,,
91330281MAC4DUB56E,,,,,500000.0,,,
92330281MA2CM1EK7N,,,,,0.0,,,
92330281MA2J4QPBXP,,,,,0.0,,,
92330281MA2EP48K5Q,,,,,0.0,,,
91330281MA2KQ2GN6M,,,,,100000.0,,,
91330782MA28D2GA86,,,,,1000000.0,,,
92330281MACXW7B88Q,,,,,50000.0,,,
9133028179602172XA,,,,,0.0,,,
92330281MA2KQKAL0N,,,,,100000.0,,,
91330281MA2J4M7P9Q,,,,,10000000.0,,,
913302810538108088,,,,,300000.0,,,
92330281MA2J7DBU7P,,,,,50000.0,,,
91330281MA2AERCM6F,,,,,50000.0,,,
92330281MA2CLP8B5D,,,,,0.0,,,
91330281079227979C,,,,,1000000.0,,,
92330281MA2CHBGC4T,,,,,0.0,,,
9133028155795694XH,,,,,1000000.0,,,
91330281583962016C,,,,,100000.0,,,
92330281MA2EP4QG7N,,,,,0.0,,,
91330281MA8FXK8F34,,,,,0.0,,,
92330281MAD2JFYF6J,,,,,10000.0,,,
92330281MA2J45L661,,,,,0.0,,,
9133028105829278XP,,,,,1000000.0,,,
92330281MA2EPK469D,,,,,0.0,,,
92330281MA2ENL6T14,,,,,0.0,,,
91330281MABYQ54U4A,,,,,300000.0,,,
92330281MA2KP1MJ3J,,,,,0.0,,,
92330281MA2GWDN52D,,,,,0.0,,,
91330281MA2H5TAY4T,,,,,300000.0,,,
92330281MA2ENPBE1R,,,,,0.0,,,
92330281MA2GUU297W,,,,,0.0,,,
92330281MA2AFL244F,,,,,0.0,,,
92330281MA2CHC5W0P,,,,,0.0,,,
92330281MA283JM30D,,,,,0.0,,,
92330281MA2EPR0J9E,,,,,0.0,,,
91330281MA293A8J9T,,,,,0.0,,,
91330200MA2CHJ575M,,,,,46000000.0,,,
91330281MA282QERXW,,,,,2000000.0,,,
913302817843075283,,,,,2750000.0,,,
92330281MA2EPYJG47,,,,,580000.0,,,
91330281MA2AHU8D1N,,,,,10000000.0,,,
91330281784301089L,,,,,210000.0,,,
91330281MA2925LJ2D,,,,,1000000.0,,,
91330281MA2900JMX5,,,,,0.0,,,
92330281MA291UFF48,,,,,0.0,,,
92330281MA2H85E02Q,,,,,0.0,,,
91330281MA2J3HRD90,,,,,10000.0,,,
91330281MA2KN4HJ9F,,,,,200000.0,,,
92330281MA2GQ40R9T,,,,,0.0,,,
92330281MA2EPH41XP,,,,,0.0,,,
91330281MA2H820U0C,,,,,1000000.0,,,
92330281MA2EP0X93J,,,,,0.0,,,
92330281MA2EPRAP1K,,,,,0.0,,,
9133028167767922XL,,,,,150000.0,,,
91330281MA282507XH,,,,,1000000.0,,,
91330281MA8G05X42R,,,,,380000.0,,,
92330281MA2AFJ4W0Q,,,,,0.0,,,
91330281MA7GTKX901,,,,,1000000.0,,,
91330281MA281N6T1K,,,,,50000.0,,,
92330281MA2J6BCE17,,,,,20000.0,,,
92330281MA2843D008,,,,,0.0,,,
92330226MA2KQJDB52,,,,,20000.0,,,
92330226MA2EMEF31P,,,,,0.0,,,
92330226MA2J49X71X,,,,,300000.0,,,
92330226MA2CM1YJ6Q,,,,,350000.0,,,
91330226MA7DQG576P,,,,,50000.0,,,
92330226MACE2BD80K,,,,,20000.0,,,
92330226MA2CLJHN40,,,,,0.0,,,
92330226MA2AHJKL3R,,,,,0.0,,,
91330226MA2GT76E5Q,,,,,100000.0,,,
91330226796045668F,,,,,5000000.0,,,
92330226MA2J5L7U20,,,,,0.0,,,
92330226MA2CLG43XH,,,,,0.0,,,
92330226MACMYF4J65,,,,,100000.0,,,
92330226MA2J7E1Q32,,,,,10000.0,,,
91330226MA7NGG4H6M,,,,,7000000.0,,,
913302267723220696,,,,,2000000.0,,,
91330226MA2H75JC72,,,,,500000.0,,,
92330226MAD6GB1R0Y,,,,,50000.0,,,
92330226MA291GQ462,,,,,0.0,,,
92330226MA2EMPGU90,,,,,0.0,,,
91330226MA2GWE3G85,,,,,50000.0,,,
91330226144965792H,,,,,5060000.0,,,
92330226MA28YB564U,,,,,0.0,,,
91330226MA2GWRTAX2,,,,,50000.0,,,
92330226MACXUDA607,,,,,50000.0,,,
913302266655519077,,,,,150000.0,,,
92330226MA2CKWM16P,,,,,0.0,,,
92330226MABP221B2Q,,,,,1000.0,,,
92330226MA290AXL82,,,,,0.0,,,
92330226MA2GU8HP36,,,,,0.0,,,
92330226MA2H7A2L6D,,,,,0.0,,,
92330226MA2EMMFH8E,,,,,0.0,,,
91330226MA293ER72J,,,,,500000.0,,,
91330226698243011A,,,,,500000.0,,,
91330226MA2J3BH372,,,,,1000000.0,,,
91330226MA2GTRM318,,,,,1000000.0,,,
92330226MA28Y32UX4,,,,,0.0,,,
92330226MACMHYGF97,,,,,200000.0,,,
92330226MA2EMFW166,,,,,0.0,,,
92330226MA291A386K,,,,,0.0,,,
92330226MA2GU2Y78K,,,,,0.0,,,
91330226MA2CH2LQ6H,,,,,100000.0,,,
92330226MA2H5R8N6E,,,,,0.0,,,
91330226677668694H,,,,,1000000.0,,,
92330226MA2EMCP643,,,,,0.0,,,
91330226MAC4TF4A9E,,,,,1000000.0,,,
92330226MA2EMUD75T,,,,,0.0,,,
91330226MACB5QKH3Q,,,,,500000.0,,,
91330226MA2GRPW558,,,,,50000.0,,,
91330226316991277R,,,,,30000.0,,,
92330226MA2H5Q32XD,,,,,0.0,,,
91330226MA2CK2E99Q,,,,,0.0,,,
92330226MA2GUJ1M7X,,,,,0.0,,,
92330226MA2KPRU42U,,,,,200000.0,,,
91330226768542771X,,,,,0.0,,,
91330226MA2CHTX2XJ,,,,,200000.0,,,
92330226MA2CMPJQ3G,,,,,0.0,,,
92330226MACU2YXH9E,,,,,50000.0,,,
92330226MAD2YW1L30,,,,,100000.0,,,
91330226MA2CMTP18D,,,,,0.0,,,
92330226MA2J7NJ69C,,,,,80000.0,,,
91330226MABTRLH81C,,,,,1000000.0,,,
92330226MA2J3RTJ8R,,,,,500000.0,,,
91330226MA2CKTC068,,,,,100000.0,,,
92330226MAC5R5DT42,,,,,100000.0,,,
91330226MA2GUH3A6N,,,,,200000.0,,,
91330226MA2J3DB50T,,,,,0.0,,,
92330226MA2GWY1H8B,,,,,0.0,,,
91330226563893172Y,,,,,30000.0,,,
92330226MA2GTHX18C,,,,,0.0,,,
92330226MA2CJ1TG3F,,,,,0.0,,,
91330226MA7HUK9514,,,,,800000.0,,,
92330226MA2AF3NP0Q,,,,,0.0,,,
92330226MACNND9U3P,,,,,20000.0,,,
91330226MACTEMHJ5B,,,,,300000.0,,,
92330226MA2GQ1KC5J,,,,,0.0,,,
92330226MA293KJ351,,,,,0.0,,,
91330226761486885Y,,,,,2500000.0,,,
92330226MA2H5EDY27,,,,,0.0,,,
91330226MA2H5KNP90,,,,,100000.0,,,
91330205MA28YDE164,,,,,0.0,,,
913302053404729796,,,,,1000000.0,,,
91330205570526987N,,,,,0.0,,,
92330225MACL3PXP73,,,,,50000.0,,,
92330205MA2AEDDF76,,,,,0.0,,,
91330205MA281X7J3P,,,,,1000000.0,,,
91330205MA2J5KDH13,,,,,0.0,,,
91330212MA284TPN6M,,,,,1000000.0,,,
92330205MA29075XX1,,,,,0.0,,,
9133020558745553XR,,,,,100000.0,,,
9133020578675468XM,,,,,150000.0,,,
91330212799548949D,,,,,0.0,,,
91330205MA2H5MF5XL,,,,,1400000.0,,,
91330205MA282H435E,,,,,1000000.0,,,
92330205MA2H7KY99X,,,,,0.0,,,
92330205MABWX7Q00E,,,,,0.0,,,
913302057930194135,,,,,500000.0,,,
91330205MA7L13U70N,,,,,100000.0,,,
92330205MA2AH1JD2H,,,,,0.0,,,
91330205MA2831BX7B,,,,,100000.0,,,
91330205MA2CHN9K87,,,,,1000000.0,,,
92330205MA2J44D89B,,,,,0.0,,,
913302055874714411,,,,,500000.0,,,
91330205MACEGH8T3G,,,,,1000000.0,,,
91330205MA2AH5D846,,,,,100000.0,,,
91330205MA7M866E2B,,,,,100000.0,,,
91330205MA2938UJ3K,,,,,0.0,,,
91330205MA8FW60B64,,,,,1000000.0,,,
91330205MA290D063T,,,,,1000000.0,,,
913302016950748306,,,,,1000000.0,,,
91330205MA2J4U247U,,,,,1000000.0,,,
92330205MA2H5CWP4F,,,,,0.0,,,
91330205MAD7F76J1T,,,,,0.0,,,
91330212MAC776D459,,,,,5000000.0,,,
91330205MA2CKHKA6U,,,,,1500000.0,,,
91330205MA2H4WGL9N,,,,,2000000.0,,,
9133020578432300X6,,,,,0.0,,,
92330205MA2J764AXX,,,,,50000.0,,,
91330205MACNNDW12B,,,,,0.0,,,
91330205671243732A,,,,,1500000.0,,,
91330205MA28YDEN6R,,,,,0.0,,,
92330205MA2GUJLX4B,,,,,0.0,,,
92330205MA2AJC7P5X,,,,,0.0,,,
92330205MABMJQUK69,,,,,100000.0,,,
92330205MA2GQ3YB1L,,,,,0.0,,,
91330205MAC43PYDXD,,,,,1000000.0,,,
91330205MA2H5AYA9H,,,,,1000000.0,,,
91330205MA284HPF8F,,,,,1000000.0,,,
92330205MA2EM82M8D,,,,,0.0,,,
91330212MA2AFL8F2U,,,,,5000000.0,,,
91330205MA2CHUGU3U,,,,,1000000.0,,,
91330205761495394K,,,,,300000.0,,,
91330205665586990Q,,,,,5000000.0,,,
91330205MAC6EXBL2T,,,,,1000000.0,,,
91330205316929705Y,,,,,30000.0,,,
92330205MABWF0T614,,,,,0.0,,,
92330205MA2832N650,,,,,150000.0,,,
92330205MA2901EF3R,,,,,0.0,,,
92330205MA2KPHFB77,,,,,100000.0,,,
91330205671243732A,,,,,1500000.0,,,
92330205MA2ELW5B7R,,,,,0.0,,,
92330205MABMBEG90F,,,,,37000.0,,,
91330205MA7JYBJ03T,,,,,100000.0,,,
91330205MA8FW6E48J,,,,,5000000.0,,,
92330205MA291QBC3K,,,,,0.0,,,
91330205MA2J3K8E4D,,,,,1000000.0,,,
91330205MA2CL3A32P,,,,,1000000.0,,,
91330205MACNUTET90,,,,,1000000.0,,,
92330205MAC0W0AM7X,,,,,100000.0,,,
91330205MA293HUF5P,,,,,1000000.0,,,
91330205MA2CKRM63K,,,,,5000000.0,,,
92330205MACY21LJ2F,,,,,2000.0,,,
91330211MA2AJWEP4Y,,,,,1000000.0,,,
92330283MA2KN2CA83,,,,,200000.0,,,
91330283MA281CBF92,,,,,10000000.0,,,
92330283MA2H5W1230,,,,,0.0,,,
91330283695066953N,,,,,400000.0,,,
92330283MA2CJUK475,,,,,0.0,,,
92330283MA2CM2DMXB,,,,,0.0,,,
92330283MA2CHQ3F78,,,,,0.0,,,
91330283MA2H6L0D2K,,,,,0.0,,,
91330283MA2818ET1Q,,,,,1500000.0,,,
91330283MA2AEFLM0Y,,,,,200000.0,,,
91330283MABNBULR4M,,,,,5000000.0,,,
91330283MA7C87XJ9N,,,,,1000000.0,,,
913302833089209972,,,,,18000000.0,,,
91330283MA2GG2UC74,,,,,500000.0,,,
91330283MA2AGF6D2W,,,,,15000000.0,,,
91330283MA2812U93U,,,,,20000.0,,,
91330283MACTDBXR7E,,,,,1000000.0,,,
92330283MA2ERU9MXD,,,,,0.0,,,
91330283MACDY5A626,,,,,1000000.0,,,
91330283MA2J76395Y,,,,,1000000.0,,,
91330283MA7FFP7R9J,,,,,1000000.0,,,
91330283MA2J6DWU5A,,,,,1000000.0,,,
92330283MABXQD928A,,,,,100000.0,,,
92330283MA29236X61,,,,,0.0,,,
92330283MAD4CA8P21,,,,,80000.0,,,
92330283MA2ER68WX7,,,,,0.0,,,
913302837562693689,,,,,4303266.0,,,
91330283MA281QLLXY,,,,,1000000.0,,,
91330283MA2CHE9MXF,,,,,1000000.0,,,
92330283MA291B1A2N,,,,,0.0,,,
92330283MA2ERPJA1H,,,,,0.0,,,
92330283MA2AHNPL68,,,,,0.0,,,
92330283MA2J3QGP1T,,,,,130000.0,,,
92330283MA2KP2Y82C,,,,,400000.0,,,
91330283MA281TCC7K,,,,,200000.0,,,
92330283MA2GRUAG95,,,,,0.0,,,
91310113MABMNEF14B,,,,,100000.0,,,
91330283MA2KNX5Y4R,,,,,300000.0,,,
92330283MA293TDN5C,,,,,0.0,,,
91330283MA7N6JDT5H,,,,,100000.0,,,
92330283MA2AFMMK52,,,,,0.0,,,
91330283MA2H6F9P1R,,,,,1000000.0,,,
92330283MA2GQXJ919,,,,,0.0,,,
92330283MA2AJEHD6W,,,,,0.0,,,
91330283MA2KPJRH8J,,,,,0.0,,,
913302835839511652,,,,,100000.0,,,
91330283MA2GQD8A5D,,,,,600000.0,,,
92330283MA290HXEX1,,,,,0.0,,,
92330283MA2AF3GM19,,,,,0.0,,,
92330283MA2J3RA873,,,,,200000.0,,,
91330211MAC4J5M18L,,,,,100000.0,,,
91330211MACUABDG43,,,,,1000000.0,,,
92330211MA2EQE1D6H,,,,,0.0,,,
91330211MA2KNU68XE,,,,,1000000.0,,,
91330211MA2J6NHQ4D,,,,,150000.0,,,
92330211MACT73ER12,,,,,200000.0,,,
91330211MAD2Q0Q34N,,,,,1000000.0,,,
92330211MA2835XE22,,,,,0.0,,,
91330201MA2CMD7B12,,,,,1000000.0,,,
92330211MA2EQHPE52,,,,,0.0,,,
92330211MA2AEFHW7E,,,,,0.0,,,
92330211MA2CH6BP5C,,,,,0.0,,,
913302113089026259,,,,,1000000.0,,,
92330211MA2J7J7Q5F,,,,,500000.0,,,
91330211MA2AHMC92L,,,,,1000000.0,,,
91330211316801525F,,,,,5000000.0,,,
92330211MACWQ4385E,,,,,10000.0,,,
91330211MACPDK3F9F,,,,,1000000.0,,,
92330211MA2AFUUF78,,,,,0.0,,,
91330211MA2J6K3H3X,,,,,1000000.0,,,
92330211MA2EQLA57T,,,,,0.0,,,
91330211MA2827GD6D,,,,,1000000.0,,,
91330211MA2AHRLP4K,,,,,2000000.0,,,
92330211MA2AJ0RX59,,,,,0.0,,,
91330211L36496426H,,,,,100000.0,,,
91330211MA2J6L630E,,,,,1000000.0,,,
92330211MA2GQ9EJ6H,,,,,0.0,,,
91330211099832623E,,,,,1000000.0,,,
91330211MA2J5C7K6M,,,,,2000000.0,,,
92330211MA2KP0H388,,,,,0.0,,,
92330211MA2J4P6L8U,,,,,0.0,,,
91330211MA2H6Y853T,,,,,50000.0,,,
913302113169140442,,,,,1000000.0,,,
92330211MA2EQKEY74,,,,,0.0,,,
91330211MA7CD7E340,,,,,1000000.0,,,
91330211MA2GFXJ75P,,,,,200000.0,,,
92330211MACLP0TGXA,,,,,400000.0,,,
92330211MA2KP15A1W,,,,,30000.0,,,
91330211MA2813RX33,,,,,1000000.0,,,
91330211MA2GWKTB92,,,,,100000.0,,,
91330211MA2GWFCY5W,,,,,100000.0,,,
91330211MA2CJMHR4L,,,,,800000.0,,,
92330211MA2EQKQB53,,,,,0.0,,,
91330211MACLX8AX3P,,,,,1000000.0,,,
91330211MA2CJHTM6W,,,,,500000.0,,,
91330211MACH9YL77J,,,,,10000000.0,,,
92330211MA7FPMLK73,,,,,100000.0,,,
91330211MA282T8E31,,,,,1000000.0,,,
92330211MA2EQET91U,,,,,0.0,,,
92330212MA2CHYDMXU,,,,,0.0,,,
91330205MA7MFXBU71,,,,,1000000.0,,,
92330206MA2KNP1L0D,,,,,10000.0,,,
92330203MA2H5Y4A3U,,,,,0.0,,,
91330205MA2H6HUL82,,,,,500000.0,,,
